township,admin3_pcode,pin_idp,pin_returnees,pin_stateless,pin_other,pin_total,pin_female_pc,pin_children_pc,pin_adults_pc,pin_elderly_pc,pin_pwd_pc,target_idp,target_returnees,target_stateless,target_other,target_total,target_female_pc,target_children_pc,target_adults_pc,target_elderly_pc,target_pwd_pc,state,admin1_pcode,conflict_score,mdp_adjust,priority_score
Myitkyina,MMR001001,11726,57924.03051,0,33515.97485,103166.0054,0.52,0.36,0.54,0.11,0.13,11726,0,0,0,25792,0.52,0.36,0.54,0.11,0.13,Kachin,MMR001,0.42746229882808573,0.243853040149874,0.33565766948897985
Waingmaw,MMR001002,26801,0,0,30337.37093,57138.37093,0.52,0.36,0.54,0.11,0.13,26801,0,0,0,14285,0.52,0.36,0.54,0.11,0.13,Kachin,MMR001,0.2795293479636521,0.5552062405538303,0.41736779425874115
Injangyang,MMR001003,566,38.43637276,0,328.6781097,933.1144825,0.52,0.36,0.54,0.11,0.13,566,0,0,0,233,0.52,0.36,0.54,0.11,0.13,Kachin,MMR001,0.013469018136451707,0.8432187890617702,0.42834390359911095
Tanai,MMR001004,1257,187.9001442,0,17343.14788,18788.04803,0.52,0.36,0.54,0.11,0.13,1257,0,0,0,4697,0.52,0.36,0.54,0.11,0.13,Kachin,MMR001,0.10840154132914741,0.49244878769638745,0.3004251645127674
Chipwi,MMR001005,2719,107.8867269,0,5142.916857,7969.803584,0.52,0.36,0.54,0.11,0.13,2719,0,0,0,1992,0.52,0.36,0.54,0.11,0.13,Kachin,MMR001,0.018785283913245653,0.7971244157307237,0.40795484982198466
Tsawlaw,MMR001006,0,211.5426743,0,1728.075947,1939.618622,0.52,0.36,0.54,0.11,0.13,0,0,0,0,0,0.52,0.36,0.54,0.11,0.13,Kachin,MMR001,0.005367129402459313,0.9397226437530175,0.4725448865777384
Mohnyin,MMR001007,392,101.7702311,0,62076.38809,62570.15832,0.52,0.36,0.54,0.11,0.13,392,0,0,0,15643,0.52,0.36,0.54,0.11,0.13,Kachin,MMR001,0.2571147702808148,0.3358867778252539,0.2965007740530343
Mogaung,MMR001008,1632,105.4421004,0,38928.30348,40665.74558,0.52,0.36,0.54,0.11,0.13,1632,0,0,0,10166,0.52,0.36,0.54,0.11,0.13,Kachin,MMR001,0.11776092618349834,0.326934327720402,0.22234762695195015
Hpakant,MMR001009,4359,100.280718,0,97466.93004,101926.2108,0.52,0.36,0.54,0.11,0.13,4359,0,0,0,25482,0.52,0.36,0.54,0.11,0.13,Kachin,MMR001,0.48525276024947883,0.21209299104279536,0.3486728756461371
Bhamo,MMR001010,9577,1078.568957,0,36846.37172,47501.94068,0.52,0.36,0.54,0.11,0.13,9577,0,0,0,11875,0.52,0.36,0.54,0.11,0.13,Kachin,MMR001,0.12848031974355853,0.29625157736347496,0.21236594855351676
Shwegu,MMR001011,3129,4324.974537,0,23060.93649,30514.91103,0.52,0.36,0.54,0.11,0.13,3129,0,0,0,7629,0.52,0.36,0.54,0.11,0.13,Kachin,MMR001,0.15998816482774336,0.42959581598532537,0.29479199040653437
Momauk,MMR001012,25099,1232.948351,0,10912.9863,37244.93466,0.52,0.36,0.54,0.11,0.13,25099,0,0,0,9311,0.52,0.36,0.54,0.11,0.13,Kachin,MMR001,0.43096447498412116,0.44925135183251214,0.4401079134083167
Mansi,MMR001013,14244,0,0,12023.38159,26267.38159,0.52,0.36,0.54,0.11,0.13,14244,0,0,0,6567,0.52,0.36,0.54,0.11,0.13,Kachin,MMR001,0.13898318007895977,0.37011464469518535,0.25454891238707256
Puta-O,MMR001014,498,0,0,18044.14924,18542.14924,0.52,0.36,0.54,0.11,0.13,498,0,0,0,4636,0.52,0.36,0.54,0.11,0.13,Kachin,MMR001,0.10887108445735481,0.5007010648533947,0.3047860746553748
Sumprabum,MMR001015,1203,0,0,442.4496261,1645.449626,0.52,0.36,0.54,0.11,0.13,1203,0,0,0,411,0.52,0.36,0.54,0.11,0.13,Kachin,MMR001,0.04137947799336407,0.43534809447833767,0.23836378623585086
Machanbaw,MMR001016,0,0,0,2635.953015,2635.953015,0.52,0.36,0.54,0.11,0.13,0,0,0,0,659,0.52,0.36,0.54,0.11,0.13,Kachin,MMR001,0.0020903843624037284,0.5067514685371441,0.25442092644977393
Nawngmun,MMR001017,0,0,0,2119.653796,2119.653796,0.52,0.36,0.54,0.11,0.13,0,0,0,0,0,0.52,0.36,0.54,0.11,0.13,Kachin,MMR001,0.0062079892693036026,0.4822744291664159,0.24424120921785974
Khaunglanhpu,MMR001018,0,45.66848183,0,3422.612438,3468.28092,0.52,0.36,0.54,0.11,0.13,0,0,0,0,867,0.52,0.36,0.54,0.11,0.13,Kachin,MMR001,0.0020715277132208297,0.5877771988651332,0.29492436328917704
Loikaw,MMR002001,21208,0,0,48478.93283,69686.93283,0.52,0.36,0.54,0.11,0.13,21208,0,0,0,25000,0.52,0.36,0.54,0.11,0.13,Kayah,MMR002,0.5696197254209696,0.24883180998262044,0.40922576770179503
Demoso,MMR002002,52003,0,0,15073.99714,67076.99714,0.52,0.36,0.54,0.11,0.13,52003,0,0,0,25000,0.52,0.36,0.54,0.11,0.13,Kayah,MMR002,0.8899054331193936,0.43552397239139023,0.6627147027553919
Hpruso,MMR002003,6572,0,0,10434.98107,17006.98107,0.52,0.36,0.54,0.11,0.13,6572,0,0,0,4000,0.52,0.36,0.54,0.11,0.13,Kayah,MMR002,0.19449496686843484,0.5616302416692359,0.37806260426883537
Shadaw,MMR002004,0,0,0,2969.774357,2969.774357,0.52,0.36,0.54,0.11,0.13,0,0,0,0,500,0.52,0.36,0.54,0.11,0.13,Kayah,MMR002,0.01934425304575916,0.5583231973236209,0.28883372518469
Bawlake,MMR002005,0,0,0,4843.612997,4843.612997,0.52,0.36,0.54,0.11,0.13,0,0,0,0,1000,0.52,0.36,0.54,0.11,0.13,Kayah,MMR002,0.05014893188008266,0.35900160835100126,0.20457527011554197
Hpasawng,MMR002006,120,0,0,11228.14605,11348.14605,0.52,0.36,0.54,0.11,0.13,120,0,0,0,8000,0.52,0.36,0.54,0.11,0.13,Kayah,MMR002,0.0056988774665580584,0.39011974398566746,0.19790931072611276
Mese,MMR002007,320,0,0,2661.527665,2981.527665,0.52,0.36,0.54,0.11,0.13,320,0,0,0,900,0.52,0.36,0.54,0.11,0.13,Kayah,MMR002,0,0.5116780872799024,0.2558390436399512
Hpa-An,MMR003001,151,0,0,134679.7115,134830.7115,0.52,0.36,0.54,0.11,0.13,151,0,0,0,15000,0.52,0.36,0.54,0.11,0.13,Kayin,MMR003,0.21041396263657658,0.44935513292982837,0.3298845477832025
Hlaingbwe,MMR003002,8228,0,0,82436.21165,90664.21165,0.52,0.36,0.54,0.11,0.13,8228,0,0,0,15000,0.52,0.36,0.54,0.11,0.13,Kayin,MMR003,0.06524182217032538,0.6474132951659457,0.35632755866813554
Hpapun,MMR003003,47843,0,0,-3523.239541,44319.76046,0.52,0.36,0.54,0.11,0.13,47843,0,0,0,44320,0.52,0.36,0.54,0.11,0.13,Kayin,MMR003,0.6137722473493086,0.545504136182542,0.5796381917659252
Thandaunggyi,MMR003004,2902,0,0,29802.31833,32704.31833,0.52,0.36,0.54,0.11,0.13,2902,0,0,0,7000,0.52,0.36,0.54,0.11,0.13,Kayin,MMR003,0.09709758691510194,0.5055045685362661,0.30130107772568404
Myawaddy,MMR003005,100,0,0,67253.2141,67353.2141,0.52,0.36,0.54,0.11,0.13,100,0,0,0,5000,0.52,0.36,0.54,0.11,0.13,Kayin,MMR003,0.48033317962838,0.36866393681821275,0.4244985582232964
Kawkareik,MMR003006,0,0,0,70416.52054,70416.52054,0.52,0.36,0.54,0.11,0.13,0,0,0,0,5000,0.52,0.36,0.54,0.11,0.13,Kayin,MMR003,0.2619890552177099,0.5172832311145776,0.38963614316614376
Kyainseikgyi,MMR003007,0,0,0,81444.20875,81444.20875,0.52,0.36,0.54,0.11,0.13,0,0,0,0,5000,0.52,0.36,0.54,0.11,0.13,Kayin,MMR003,0.12383264679021724,0.6022724046900121,0.36305252574011465
Falam,MMR004001,4310,0,0,26516.99548,30826.99548,0.52,0.36,0.54,0.11,0.13,4310,0,0,0,7707,0.52,0.36,0.54,0.11,0.13,Chin,MMR004,0.21755859849986253,0.5932256627758729,0.4053921306378677
Hakha,MMR004002,255,0,0,28945.11891,29200.11891,0.52,0.36,0.54,0.11,0.13,255,0,0,0,20000,0.52,0.36,0.54,0.11,0.13,Chin,MMR004,0.21744501237661462,0.35313959133559775,0.2852923018561062
Thantlang,MMR004003,1394,0,0,29525.94384,30919.94384,0.52,0.36,0.54,0.11,0.13,1394,0,0,0,7730,0.52,0.36,0.54,0.11,0.13,Chin,MMR004,0.157533701959193,0.5215185183937717,0.3395261101764824
Tedim,MMR004004,0,0,0,52711.90501,52711.90501,0.52,0.36,0.54,0.11,0.13,0,0,0,0,13178,0.52,0.36,0.54,0.11,0.13,Chin,MMR004,0.1111957972712708,0.6885896895950223,0.39989274343314657
Tonzang,MMR004005,0,0,0,19177.04379,19177.04379,0.52,0.36,0.54,0.11,0.13,0,0,0,0,5000,0.52,0.36,0.54,0.11,0.13,Chin,MMR004,0.0065091829113864685,0.8516339875135464,0.4290715852124664
Mindat,MMR004006,4820,0,0,22937.58303,27757.58303,0.52,0.36,0.54,0.11,0.13,4820,0,0,0,20000,0.52,0.36,0.54,0.11,0.13,Chin,MMR004,0.37169572441345533,0.5656332895507407,0.468664506982098
Matupi,MMR004007,0,0,0,30891.53572,30891.53572,0.52,0.36,0.54,0.11,0.13,0,0,0,0,7723,0.52,0.36,0.54,0.11,0.13,Chin,MMR004,0.2472570673226418,0.5095281380082838,0.3783926026654628
Kanpetlet,MMR004008,1202,0,0,12258.95971,13460.95971,0.52,0.36,0.54,0.11,0.13,1202,0,0,0,5000,0.52,0.36,0.54,0.11,0.13,Chin,MMR004,0.1143998139525012,0.5440814421412695,0.32924062804688536
Paletwa,MMR004009,9841,0,0,52893.48989,62734.48989,0.52,0.36,0.54,0.11,0.13,9841,0,0,0,40000,0.52,0.36,0.54,0.11,0.13,Chin,MMR004,0.07898771658780447,0.6103640359139724,0.3446758762508884
Sagaing,MMR005001,0,0,0,49330.17648,49330.17648,0.52,0.36,0.54,0.11,0.13,0,0,0,0,4933,0.52,0.36,0.54,0.11,0.13,Sagaing,MMR005,0.19322754115412127,0.26950550457592193,0.2313665228650216
Myinmu,MMR005002,0,0,0,17180.1476,17180.1476,0.52,0.36,0.54,0.11,0.13,0,0,0,0,1718,0.52,0.36,0.54,0.11,0.13,Sagaing,MMR005,0.18450966363686008,0.36984674614371765,0.2771782048902889
Myaung,MMR005003,15000,0,0,14794.31229,29794.31229,0.52,0.36,0.54,0.11,0.13,15000,0,0,0,2979,0.52,0.36,0.54,0.11,0.13,Sagaing,MMR005,0.2754712128447663,0.3948768008792313,0.33517400686199883
Shwebo,MMR005004,0,0,0,42844.70528,42844.70528,0.52,0.36,0.54,0.11,0.13,0,0,0,0,4284,0.52,0.36,0.54,0.11,0.13,Sagaing,MMR005,0.5495710271477641,0.286869483086153,0.41822025511695854
Khin-U,MMR005005,0,0,0,23518.52463,23518.52463,0.52,0.36,0.54,0.11,0.13,0,0,0,0,2352,0.52,0.36,0.54,0.11,0.13,Sagaing,MMR005,0.46693307473067225,0.4717755677036537,0.469354321217163
Wetlet,MMR005006,0,0,0,31508.98099,31508.98099,0.52,0.36,0.54,0.11,0.13,0,0,0,0,3151,0.52,0.36,0.54,0.11,0.13,Sagaing,MMR005,0.21744109866081643,0.44749284016977414,0.3324669694152953
Kanbalu,MMR005007,0,0,0,47462.11283,47462.11283,0.52,0.36,0.54,0.11,0.13,0,0,0,0,4746,0.52,0.36,0.54,0.11,0.13,Sagaing,MMR005,0.18119942967783975,0.4899852756305895,0.3355923526542146
Kyunhla,MMR005008,0,0,0,16714.61708,16714.61708,0.52,0.36,0.54,0.11,0.13,0,0,0,0,1671,0.52,0.36,0.54,0.11,0.13,Sagaing,MMR005,0.12857927923912585,0.42132700293041997,0.2749531410847729
Ye-U,MMR005009,0,0,0,18995.37939,18995.37939,0.52,0.36,0.54,0.11,0.13,0,0,0,0,1900,0.52,0.36,0.54,0.11,0.13,Sagaing,MMR005,0.35717358898632606,0.4029764935446008,0.38007504126546343
Tabayin,MMR005010,0,0,0,22612.51457,22612.51457,0.52,0.36,0.54,0.11,0.13,0,0,0,0,2261,0.52,0.36,0.54,0.11,0.13,Sagaing,MMR005,0.33383823059472945,0.4770119397310144,0.4054250851628719
Taze,MMR005011,0,0,0,26513.88191,26513.88191,0.52,0.36,0.54,0.11,0.13,0,0,0,0,2651,0.52,0.36,0.54,0.11,0.13,Sagaing,MMR005,0.4700352265508956,0.48085529584621484,0.47544526119855524
Monywa,MMR005012,0,0,0,59752.18271,59752.18271,0.52,0.36,0.54,0.11,0.13,0,0,0,0,5975,0.52,0.36,0.54,0.11,0.13,Sagaing,MMR005,0.607734040085489,0.2453068556050155,0.4265204478452523
Budalin,MMR005013,0,0,0,19838.28028,19838.28028,0.52,0.36,0.54,0.11,0.13,0,0,0,0,1984,0.52,0.36,0.54,0.11,0.13,Sagaing,MMR005,0.1670817158066238,0.44472998230719674,0.30590584905691026
Ayadaw,MMR005014,0,0,0,25013.87481,25013.87481,0.52,0.36,0.54,0.11,0.13,0,0,0,0,2501,0.52,0.36,0.54,0.11,0.13,Sagaing,MMR005,0.17376413704475333,0.43213925674291787,0.3029516968938356
Chaung-U,MMR005015,0,0,0,17014.58638,17014.58638,0.52,0.36,0.54,0.11,0.13,0,0,0,0,1701,0.52,0.36,0.54,0.11,0.13,Sagaing,MMR005,0.17995874426021607,0.3493307557502936,0.26464475000525484
Yinmarbin,MMR005016,0,0,0,22719.30236,22719.30236,0.52,0.36,0.54,0.11,0.13,0,0,0,0,2272,0.52,0.36,0.54,0.11,0.13,Sagaing,MMR005,0.6150576937618276,0.42670339702362386,0.5208805453927258
Kani,MMR005017,3500,0,0,21069.86596,24569.86596,0.52,0.36,0.54,0.11,0.13,3500,0,0,0,2457,0.52,0.36,0.54,0.11,0.13,Sagaing,MMR005,0.5331514985833993,0.45249960413522006,0.49282555135930967
Salingyi,MMR005018,0,0,0,19560.31087,19560.31087,0.52,0.36,0.54,0.11,0.13,0,0,0,0,1956,0.52,0.36,0.54,0.11,0.13,Sagaing,MMR005,0.1294846447805376,0.3001859311482615,0.21483528796439955
Pale,MMR005019,0,0,0,23124.93536,23124.93536,0.52,0.36,0.54,0.11,0.13,0,0,0,0,2312,0.52,0.36,0.54,0.11,0.13,Sagaing,MMR005,0.4520762413161941,0.43867700737077464,0.44537662434348435
Katha,MMR005020,0,0,0,26935.25206,26935.25206,0.52,0.36,0.54,0.11,0.13,0,0,0,0,2694,0.52,0.36,0.54,0.11,0.13,Sagaing,MMR005,0.29434519677115895,0.4494639756060438,0.37190458618860134
Indaw,MMR005021,0,0,0,19312.69167,19312.69167,0.52,0.36,0.54,0.11,0.13,0,0,0,0,1931,0.52,0.36,0.54,0.11,0.13,Sagaing,MMR005,0.0852405260957003,0.5162305594606711,0.3007355427781857
Tigyaing,MMR005022,0,0,0,20868.58169,20868.58169,0.52,0.36,0.54,0.11,0.13,0,0,0,0,2087,0.52,0.36,0.54,0.11,0.13,Sagaing,MMR005,0.27418445811715214,0.42080872189042084,0.3474965900037865
Banmauk,MMR005023,0,0,0,18092.58099,18092.58099,0.52,0.36,0.54,0.11,0.13,0,0,0,0,1809,0.52,0.36,0.54,0.11,0.13,Sagaing,MMR005,0.002052018675636047,0.4751706021153882,0.23861131039551212
Kawlin,MMR005024,0,0,0,23332.24819,23332.24819,0.52,0.36,0.54,0.11,0.13,0,0,0,0,2333,0.52,0.36,0.54,0.11,0.13,Sagaing,MMR005,0.17725395176586414,0.3858070242456116,0.2815304880057379
Wuntho,MMR005025,0,0,0,11785.99941,11785.99941,0.52,0.36,0.54,0.11,0.13,0,0,0,0,1179,0.52,0.36,0.54,0.11,0.13,Sagaing,MMR005,0.020855471045648295,0.3968851829007409,0.20887032697319458
Pinlebu,MMR005026,0,0,0,17980.17279,17980.17279,0.52,0.36,0.54,0.11,0.13,0,0,0,0,1798,0.52,0.36,0.54,0.11,0.13,Sagaing,MMR005,0.18021171175254008,0.5470733740739884,0.36364254291326426
Kale,MMR005027,100,0,0,56095,56195,0.52,0.36,0.54,0.11,0.13,100,0,0,0,5620,0.52,0.36,0.54,0.11,0.13,Sagaing,MMR005,1,0.4127467174487193,0.7063733587243597
Kalewa,MMR005028,0,0,0,9062.02764,9062.02764,0.52,0.36,0.54,0.11,0.13,0,0,0,0,906,0.52,0.36,0.54,0.11,0.13,Sagaing,MMR005,0.01709970663204699,0.5696045977455813,0.2933521521888141
Mingin,MMR005029,0,0,0,16758.93803,16758.93803,0.52,0.36,0.54,0.11,0.13,0,0,0,0,1676,0.52,0.36,0.54,0.11,0.13,Sagaing,MMR005,0.5284467148754338,0.5241489404940123,0.526297827684723
Tamu,MMR005030,0,0,0,18446.02447,18446.02447,0.52,0.36,0.54,0.11,0.13,0,0,0,0,1845,0.52,0.36,0.54,0.11,0.13,Sagaing,MMR005,0.15421824041726526,0.37929887314944255,0.2667585567833539
Mawlaik,MMR005031,0,0,0,8240.16314,8240.16314,0.52,0.36,0.54,0.11,0.13,0,0,0,0,824,0.52,0.36,0.54,0.11,0.13,Sagaing,MMR005,0.012889988114456996,0.5007107002815447,0.25680034419800085
Paungbyin,MMR005032,0,0,0,18096.75615,18096.75615,0.52,0.36,0.54,0.11,0.13,0,0,0,0,1810,0.52,0.36,0.54,0.11,0.13,Sagaing,MMR005,0.021674582584197046,0.5563293314059697,0.2890019569950834
Hkamti,MMR005033,0,0,0,7653.071188,7653.071188,0.52,0.36,0.54,0.11,0.13,0,0,0,0,765,0.52,0.36,0.54,0.11,0.13,Sagaing,MMR005,0.04310894536721235,0.4734057595552134,0.2582573524612129
Homalin,MMR005034,0,0,0,41463.52972,41463.52972,0.52,0.36,0.54,0.11,0.13,0,0,0,0,4146,0.52,0.36,0.54,0.11,0.13,Sagaing,MMR005,0.07438238179663242,0.5143250942484631,0.2943537380225477
Lay Shi,MMR005035,0,0,0,1684.6777,1684.6777,0.52,0.36,0.54,0.11,0.13,0,0,0,0,168,0.52,0.36,0.54,0.11,0.13,Sagaing,MMR005,0.0012738973645504879,0.6812020783524961,0.34123798785852333
Lahe,MMR005036,0,0,0,8728.817629,8728.817629,0.52,0.36,0.54,0.11,0.13,0,0,0,0,873,0.52,0.36,0.54,0.11,0.13,Sagaing,MMR005,0,0.968293956558419,0.4841469782792095
Nanyun,MMR005037,0,0,0,8347.11151,8347.11151,0.52,0.36,0.54,0.11,0.13,0,0,0,0,835,0.52,0.36,0.54,0.11,0.13,Sagaing,MMR005,0.002840945300084945,0.9087439601366246,0.4557924527183548
Dawei,MMR006001,0,0,0,37777.33389,37777.33389,0.52,0.36,0.54,0.11,0.13,0,0,0,0,5667,0.52,0.36,0.54,0.11,0.13,Tanintharyi,MMR006,0.3863693732001508,0.2867541362960834,0.3365617547481171
Launglon,MMR006002,0,0,0,30413.57621,30413.57621,0.52,0.36,0.54,0.11,0.13,0,0,0,0,4562,0.52,0.36,0.54,0.11,0.13,Tanintharyi,MMR006,0.14565898856353976,0.3886923018878802,0.26717564522570997
Thayetchaung,MMR006003,0,0,0,27160.58799,27160.58799,0.52,0.36,0.54,0.11,0.13,0,0,0,0,4074,0.52,0.36,0.54,0.11,0.13,Tanintharyi,MMR006,0.08219502751310921,0.36742030930043307,0.22480766840677113
Yebyu,MMR006004,200,0,0,31474.61099,31674.61099,0.52,0.36,0.54,0.11,0.13,200,0,0,0,4751,0.52,0.36,0.54,0.11,0.13,Tanintharyi,MMR006,0.10158602583052019,0.41538672984421954,0.2584863778373699
Myeik,MMR006005,0,0,0,73128.35757,73128.35757,0.52,0.36,0.54,0.11,0.13,0,0,0,0,10969,0.52,0.36,0.54,0.11,0.13,Tanintharyi,MMR006,0.14482299582955882,0.32662037531482363,0.23572168557219123
Kyunsu,MMR006006,0,0,0,44149.38643,44149.38643,0.52,0.36,0.54,0.11,0.13,0,0,0,0,6622,0.52,0.36,0.54,0.11,0.13,Tanintharyi,MMR006,0.006778247520994236,0.5808941658410341,0.2938362066810142
Palaw,MMR006007,725,0,0,33239.20384,33964.20384,0.52,0.36,0.54,0.11,0.13,725,0,0,0,5095,0.52,0.36,0.54,0.11,0.13,Tanintharyi,MMR006,0.14905094293348078,0.42389145922328453,0.28647120107838264
Tanintharyi,MMR006008,0,0,0,27466.73647,27466.73647,0.52,0.36,0.54,0.11,0.13,0,0,0,0,4120,0.52,0.36,0.54,0.11,0.13,Tanintharyi,MMR006,0.08712117192574266,0.5256112398737205,0.30636620589973157
Kawthoung,MMR006009,0,0,0,35992.36746,35992.36746,0.52,0.36,0.54,0.11,0.13,0,0,0,0,5399,0.52,0.36,0.54,0.11,0.13,Tanintharyi,MMR006,0.05630399955944193,0.3765490570031411,0.21642652828129152
Bokpyin,MMR006010,0,0,0,21005.74407,21005.74407,0.52,0.36,0.54,0.11,0.13,0,0,0,0,3151,0.52,0.36,0.54,0.11,0.13,Tanintharyi,MMR006,0.0054054950892269945,0.5322066510864181,0.2688060730878225
Bago,MMR007001,0,0,0,117101.8334,117101.8334,0.52,0.36,0.54,0.11,0.13,0,0,0,0,17565,0.52,0.36,0.54,0.11,0.13,Bago (East),MMR111,0.2246803141293143,0.24332351086014917,0.23400191249473173
Thanatpin,MMR007002,0,0,0,34619.85549,34619.85549,0.52,0.36,0.54,0.11,0.13,0,0,0,0,3462,0.52,0.36,0.54,0.11,0.13,Bago (East),MMR111,0,0.43013318842814396,0.21506659421407198
Kawa,MMR007003,0,0,0,47028.8363,47028.8363,0.52,0.36,0.54,0.11,0.13,0,0,0,0,7054,0.52,0.36,0.54,0.11,0.13,Bago (East),MMR111,0.013975026654963201,0.40292228985360445,0.20844865825428383
Waw,MMR007004,0,0,0,41941.66887,41941.66887,0.52,0.36,0.54,0.11,0.13,0,0,0,0,4194,0.52,0.36,0.54,0.11,0.13,Bago (East),MMR111,0.019989225222733675,0.3880496905034164,0.20401945786307504
Nyaunglebin,MMR007005,0,0,0,47534.00258,47534.00258,0.52,0.36,0.54,0.11,0.13,0,0,0,0,4753,0.52,0.36,0.54,0.11,0.13,Bago (East),MMR111,0.053193730947534656,0.2853323837699903,0.1692630573587625
Kyauktaga,MMR007006,0,0,0,59860.29815,59860.29815,0.52,0.36,0.54,0.11,0.13,0,0,0,0,8979,0.52,0.36,0.54,0.11,0.13,Bago (East),MMR111,0.04627832807641587,0.33488685264313905,0.19058259035977745
Daik-U,MMR007007,0,0,0,48260.05997,48260.05997,0.52,0.36,0.54,0.11,0.13,0,0,0,0,7239,0.52,0.36,0.54,0.11,0.13,Bago (East),MMR111,0.026376321057004427,0.3107130184114947,0.16854466973424956
Shwegyin,MMR007008,0,0,0,25606.68822,25606.68822,0.52,0.36,0.54,0.11,0.13,0,0,0,0,2561,0.52,0.36,0.54,0.11,0.13,Bago (East),MMR111,0.008720032967733575,0.3533901181214878,0.18105507554461067
Taungoo,MMR007009,0,0,0,62444.27134,62444.27134,0.52,0.36,0.54,0.11,0.13,0,0,0,0,6244,0.52,0.36,0.54,0.11,0.13,Bago (East),MMR111,0.06945920558771339,0.22986540306205971,0.14966230432488656
Yedashe,MMR007010,0,0,0,50896.21779,50896.21779,0.52,0.36,0.54,0.11,0.13,0,0,0,0,5090,0.52,0.36,0.54,0.11,0.13,Bago (East),MMR111,0.022918733343626922,0.34456405349114816,0.18374139341738754
Kyaukkyi,MMR007011,2513,0,0,26414.15707,28927.15707,0.52,0.36,0.54,0.11,0.13,2513,0,0,0,8000,0.52,0.36,0.54,0.11,0.13,Bago (East),MMR111,0.06284875884075296,0.4262428862550309,0.24454582254789192
Phyu,MMR007012,0,0,0,61304.54949,61304.54949,0.52,0.36,0.54,0.11,0.13,0,0,0,0,6130,0.52,0.36,0.54,0.11,0.13,Bago (East),MMR111,0.03927657901692387,0.34638982274538227,0.19283320088115308
Oktwin,MMR007013,0,0,0,38084.77196,38084.77196,0.52,0.36,0.54,0.11,0.13,0,0,0,0,3808,0.52,0.36,0.54,0.11,0.13,Bago (East),MMR111,0.0031617955659203226,0.3686540081644968,0.18590790186520856
Htantabin,MMR007014,0,0,0,27945.22684,27945.22684,0.52,0.36,0.54,0.11,0.13,0,0,0,0,2795,0.52,0.36,0.54,0.11,0.13,Bago (East),MMR111,0.023705540840103245,0.3850866464661354,0.2043960936531193
Pyay,MMR008001,0,0,0,59962.99941,59962.99941,0.52,0.36,0.54,0.11,0.13,0,0,0,0,5996,0.52,0.36,0.54,0.11,0.13,Bago (West),MMR111,0.12847740827950074,0.23332655820263154,0.18090198324106616
Paukkhaung,MMR008002,0,0,0,29751.43459,29751.43459,0.52,0.36,0.54,0.11,0.13,0,0,0,0,2975,0.52,0.36,0.54,0.11,0.13,Bago (West),MMR111,8.272923112165615e-4,0.48451825189356834,0.24267277210239246
Padaung,MMR008003,0,0,0,34364.17463,34364.17463,0.52,0.36,0.54,0.11,0.13,0,0,0,0,3436,0.52,0.36,0.54,0.11,0.13,Bago (West),MMR111,0.013815117623701407,0.34168312088997344,0.17774911925683742
Paungde,MMR008004,0,0,0,32778.85799,32778.85799,0.52,0.36,0.54,0.11,0.13,0,0,0,0,3278,0.52,0.36,0.54,0.11,0.13,Bago (West),MMR111,0.05821410492182485,0.40171519333616323,0.22996464912899403
Thegon,MMR008005,0,0,0,31205.21737,31205.21737,0.52,0.36,0.54,0.11,0.13,0,0,0,0,3121,0.52,0.36,0.54,0.11,0.13,Bago (West),MMR111,0.018709247054779117,0.3576972266321877,0.18820323684348342
Shwedaung,MMR008006,0,0,0,28992.49374,28992.49374,0.52,0.36,0.54,0.11,0.13,0,0,0,0,2899,0.52,0.36,0.54,0.11,0.13,Bago (West),MMR111,0.009687872858794914,0.34393620546500714,0.17681203916190102
Thayarwady,MMR008007,0,0,0,36005.96505,36005.96505,0.52,0.36,0.54,0.11,0.13,0,0,0,0,3601,0.52,0.36,0.54,0.11,0.13,Bago (West),MMR111,0.01877887149100074,0.3519021390383032,0.18534050526465196
Letpadan,MMR008008,0,0,0,42273.60124,42273.60124,0.52,0.36,0.54,0.11,0.13,0,0,0,0,4227,0.52,0.36,0.54,0.11,0.13,Bago (West),MMR111,0.006917569864120495,0.3729158538382524,0.18991671185118644
Minhla,MMR008009,0,0,0,29187.88824,29187.88824,0.52,0.36,0.54,0.11,0.13,0,0,0,0,2919,0.52,0.36,0.54,0.11,0.13,Bago (West),MMR111,0.010788293636455878,0.32548730092995093,0.1681377972832034
Okpho,MMR008010,0,0,0,30181.77907,30181.77907,0.52,0.36,0.54,0.11,0.13,0,0,0,0,3018,0.52,0.36,0.54,0.11,0.13,Bago (West),MMR111,0.019039706512954363,0.3337742498237154,0.1764069781683349
Zigon,MMR008011,0,0,0,16089.78437,16089.78437,0.52,0.36,0.54,0.11,0.13,0,0,0,0,1609,0.52,0.36,0.54,0.11,0.13,Bago (West),MMR111,0.005174935487833922,0.27344743230216245,0.1393111838949982
Nattalin,MMR008012,0,0,0,41018.78726,41018.78726,0.52,0.36,0.54,0.11,0.13,0,0,0,0,4102,0.52,0.36,0.54,0.11,0.13,Bago (West),MMR111,0.05580585869519019,0.328675206573561,0.19224053263437557
Monyo,MMR008013,0,0,0,30398.14275,30398.14275,0.52,0.36,0.54,0.11,0.13,0,0,0,0,3040,0.52,0.36,0.54,0.11,0.13,Bago (West),MMR111,0.018028784689886824,0.41531364560483885,0.21667121514736284
Gyobingauk,MMR008014,0,0,0,27982.63774,27982.63774,0.52,0.36,0.54,0.11,0.13,0,0,0,0,2798,0.52,0.36,0.54,0.11,0.13,Bago (West),MMR111,0.03107012569755197,0.2997366363000881,0.16540338099882004
Magway,MMR009001,0,0,0,60390.41704,60390.41704,0.52,0.36,0.54,0.11,0.13,0,0,0,0,6039,0.52,0.36,0.54,0.11,0.13,Magway,MMR009,0.18403834623973875,0.33358088661766805,0.25880961642870337
Yenangyaung,MMR009002,0,0,0,28024.57591,28024.57591,0.52,0.36,0.54,0.11,0.13,0,0,0,0,2802,0.52,0.36,0.54,0.11,0.13,Magway,MMR009,0.025140789379221602,0.3717454561088991,0.19844312274406034
Chauk,MMR009003,0,0,0,38664.67393,38664.67393,0.52,0.36,0.54,0.11,0.13,0,0,0,0,3866,0.52,0.36,0.54,0.11,0.13,Magway,MMR009,0.023837230052124927,0.3605574175522734,0.19219732380219914
Taungdwingyi,MMR009004,0,0,0,54254.85406,54254.85406,0.52,0.36,0.54,0.11,0.13,0,0,0,0,5425,0.52,0.36,0.54,0.11,0.13,Magway,MMR009,0.16248596009721883,0.4643675259871577,0.31342674304218826
Myothit,MMR009005,0,0,0,33303.49429,33303.49429,0.52,0.36,0.54,0.11,0.13,0,0,0,0,3330,0.52,0.36,0.54,0.11,0.13,Magway,MMR009,0.04142634572858289,0.5479091561730579,0.29466775095082043
Natmauk,MMR009006,0,0,0,43217.64708,43217.64708,0.52,0.36,0.54,0.11,0.13,0,0,0,0,4322,0.52,0.36,0.54,0.11,0.13,Magway,MMR009,0.06062807987374759,0.5745821434716943,0.317605111672721
Minbu,MMR009007,0,0,0,39289.56725,39289.56725,0.52,0.36,0.54,0.11,0.13,0,0,0,0,3929,0.52,0.36,0.54,0.11,0.13,Magway,MMR009,0.033560327821692104,0.309383279345363,0.17147180358352757
Pwintbyu,MMR009008,0,0,0,34176.42412,34176.42412,0.52,0.36,0.54,0.11,0.13,0,0,0,0,3418,0.52,0.36,0.54,0.11,0.13,Magway,MMR009,0.0952435451885112,0.38592779007724487,0.24058566763287803
Ngape,MMR009009,0,0,0,10886.46425,10886.46425,0.52,0.36,0.54,0.11,0.13,0,0,0,0,1089,0.52,0.36,0.54,0.11,0.13,Magway,MMR009,0.04583964917367981,0.390319471403805,0.21807956028874242
Salin,MMR009010,0,0,0,49280.13533,49280.13533,0.52,0.36,0.54,0.11,0.13,0,0,0,0,4928,0.52,0.36,0.54,0.11,0.13,Magway,MMR009,0.045951730912001866,0.43399908459970654,0.23997540775585421
Sidoktaya,MMR009011,0,0,0,9922.712976,9922.712976,0.52,0.36,0.54,0.11,0.13,0,0,0,0,992,0.52,0.36,0.54,0.11,0.13,Magway,MMR009,0.016791034502461197,0.42421400708650847,0.22050252079448485
Thayet,MMR009012,0,0,0,21786.08195,21786.08195,0.52,0.36,0.54,0.11,0.13,0,0,0,0,2179,0.52,0.36,0.54,0.11,0.13,Magway,MMR009,0.015114978574748516,0.42141463169708404,0.21826480513591628
Minhla,MMR009013,0,0,0,30499.72135,30499.72135,0.52,0.36,0.54,0.11,0.13,0,0,0,0,3050,0.52,0.36,0.54,0.11,0.13,Magway,MMR009,0.009612738272167342,0.44762393844402837,0.22861833835809786
Mindon,MMR009014,0,0,0,12392.84758,12392.84758,0.52,0.36,0.54,0.11,0.13,0,0,0,0,1239,0.52,0.36,0.54,0.11,0.13,Magway,MMR009,0.017541082373187578,0.5251378063003332,0.2713394443367604
Kamma,MMR009015,0,0,0,15699.58343,15699.58343,0.52,0.36,0.54,0.11,0.13,0,0,0,0,1570,0.52,0.36,0.54,0.11,0.13,Magway,MMR009,0.02944472890109773,0.4426128236071074,0.23602877625410257
Aunglan,MMR009016,0,0,0,49110.81075,49110.81075,0.52,0.36,0.54,0.11,0.13,0,0,0,0,4911,0.52,0.36,0.54,0.11,0.13,Magway,MMR009,0.028078488157381492,0.4332144842330548,0.23064648619521816
Sinbaungwe,MMR009017,0,0,0,24604.05227,24604.05227,0.52,0.36,0.54,0.11,0.13,0,0,0,0,2460,0.52,0.36,0.54,0.11,0.13,Magway,MMR009,0.007772927350975502,0.5011546773225828,0.2544638023367791
Pakokku,MMR009018,0,0,0,60576.6532,60576.6532,0.52,0.36,0.54,0.11,0.13,0,0,0,0,6058,0.52,0.36,0.54,0.11,0.13,Magway,MMR009,0.3233844917148147,0.2694199600811026,0.2964022258979586
Yesagyo,MMR009019,0,0,0,44962.25403,44962.25403,0.52,0.36,0.54,0.11,0.13,0,0,0,0,4496,0.52,0.36,0.54,0.11,0.13,Magway,MMR009,0.41560867383050815,0.41451586180737454,0.41506226781894134
Myaing,MMR009020,0,0,0,47137.5843,47137.5843,0.52,0.36,0.54,0.11,0.13,0,0,0,0,4714,0.52,0.36,0.54,0.11,0.13,Magway,MMR009,0.32362391631668,0.43687249598780997,0.38024820615224497
Pauk,MMR009021,0,0,0,35809.5399,35809.5399,0.52,0.36,0.54,0.11,0.13,0,0,0,0,3581,0.52,0.36,0.54,0.11,0.13,Magway,MMR009,0.3839980821004163,0.45152332387368815,0.41776070298705226
Seikphyu,MMR009022,0,0,0,21456.61932,21456.61932,0.52,0.36,0.54,0.11,0.13,0,0,0,0,2146,0.52,0.36,0.54,0.11,0.13,Magway,MMR009,0.025778674614341815,0.3999252295655867,0.21285195208996424
Gangaw,MMR009023,6250,0,0,26517.48835,32767.48835,0.52,0.36,0.54,0.11,0.13,6250,0,0,0,3277,0.52,0.36,0.54,0.11,0.13,Magway,MMR009,0.6584509280417765,0.3531341570724657,0.5057925425571211
Tilin,MMR009024,0,0,0,10202.48479,10202.48479,0.52,0.36,0.54,0.11,0.13,0,0,0,0,1020,0.52,0.36,0.54,0.11,0.13,Magway,MMR009,0.13476847669398612,0.5285707121115901,0.3316695944027881
Saw,MMR009025,4904,0,0,13313.0589,18217.0589,0.52,0.36,0.54,0.11,0.13,4904,0,0,0,1822,0.52,0.36,0.54,0.11,0.13,Magway,MMR009,0.2495418097573987,0.4521087659798334,0.35082528786861605
Aungmyaythazan,MMR010001,0,0,0,33405.11542,33405.11542,0.52,0.36,0.54,0.11,0.13,0,0,0,0,3341,0.52,0.36,0.54,0.11,0.13,Mandalay,MMR010,0.14396571686666287,0.062036607134796196,0.10300116200072953
Chanayethazan,MMR010002,0,0,0,24782.44569,24782.44569,0.52,0.36,0.54,0.11,0.13,0,0,0,0,2478,0.52,0.36,0.54,0.11,0.13,Mandalay,MMR010,0.584730680109976,0.018000800676601116,0.30136574039328856
Mahaaungmyay,MMR010003,0,0,0,30304.90594,30304.90594,0.52,0.36,0.54,0.11,0.13,0,0,0,0,3030,0.52,0.36,0.54,0.11,0.13,Mandalay,MMR010,0.308036670852269,0.06133421789353912,0.18468544437290405
Chanmyathazi,MMR010004,0,0,0,35667.74297,35667.74297,0.52,0.36,0.54,0.11,0.13,0,0,0,0,3567,0.52,0.36,0.54,0.11,0.13,Mandalay,MMR010,0.246260540615887,0.10164587314672763,0.17395320688130733
Pyigyitagon,MMR010005,0,0,0,29875.6829,29875.6829,0.52,0.36,0.54,0.11,0.13,0,0,0,0,2988,0.52,0.36,0.54,0.11,0.13,Mandalay,MMR010,0.1499496152197105,0.13023571417079666,0.14009266469525358
Amarapura,MMR010006,0,0,0,29865.6279,29865.6279,0.52,0.36,0.54,0.11,0.13,0,0,0,0,2987,0.52,0.36,0.54,0.11,0.13,Mandalay,MMR010,0.09407450279729739,0.16245945622340102,0.1282669795103492
Patheingyi,MMR010007,0,0,0,33146.95316,33146.95316,0.52,0.36,0.54,0.11,0.13,0,0,0,0,3315,0.52,0.36,0.54,0.11,0.13,Mandalay,MMR010,0.057838333011989616,0.2143045409174225,0.13607143696470606
Pyinoolwin,MMR010008,0,0,0,32114.17844,32114.17844,0.52,0.36,0.54,0.11,0.13,0,0,0,0,3211,0.52,0.36,0.54,0.11,0.13,Mandalay,MMR010,0.0668221755320039,0.24297680085216988,0.15489948819208688
Madaya,MMR010009,0,0,0,32427.51754,32427.51754,0.52,0.36,0.54,0.11,0.13,0,0,0,0,3243,0.52,0.36,0.54,0.11,0.13,Mandalay,MMR010,0.249082353859993,0.4020487943248627,0.3255655740924278
Singu,MMR010010,0,0,0,19806.47498,19806.47498,0.52,0.36,0.54,0.11,0.13,0,0,0,0,1981,0.52,0.36,0.54,0.11,0.13,Mandalay,MMR010,0.07174767365333959,0.39373751356019066,0.23274259360676514
Mogoke,MMR010011,0,0,0,21008.55086,21008.55086,0.52,0.36,0.54,0.11,0.13,0,0,0,0,2101,0.52,0.36,0.54,0.11,0.13,Mandalay,MMR010,0.3090585277001683,0.25663010715647955,0.28284431742832394
Thabeikkyin,MMR010012,0,0,0,20575.30582,20575.30582,0.52,0.36,0.54,0.11,0.13,0,0,0,0,2058,0.52,0.36,0.54,0.11,0.13,Mandalay,MMR010,0.043295671026153164,0.4476729098303335,0.24548429042824332
Kyaukse,MMR010013,0,0,0,32415.70291,32415.70291,0.52,0.36,0.54,0.11,0.13,0,0,0,0,3242,0.52,0.36,0.54,0.11,0.13,Mandalay,MMR010,0.1149061741571257,0.3111733173329382,0.21303974574503193
Sintgaing,MMR010014,0,0,0,18717.14085,18717.14085,0.52,0.36,0.54,0.11,0.13,0,0,0,0,1872,0.52,0.36,0.54,0.11,0.13,Mandalay,MMR010,0.08157997750166282,0.2649244599972944,0.1732522187494786
Myittha,MMR010015,0,0,0,24588.13272,24588.13272,0.52,0.36,0.54,0.11,0.13,0,0,0,0,2459,0.52,0.36,0.54,0.11,0.13,Mandalay,MMR010,0.018881045119357138,0.41171272530007336,0.21529688520971524
Tada-U,MMR010016,0,0,0,17422.43324,17422.43324,0.52,0.36,0.54,0.11,0.13,0,0,0,0,1742,0.52,0.36,0.54,0.11,0.13,Mandalay,MMR010,0.042919530026395245,0.41245079784297334,0.2276851639346843
Myingyan,MMR010017,0,0,0,34701.83403,34701.83403,0.52,0.36,0.54,0.11,0.13,0,0,0,0,3470,0.52,0.36,0.54,0.11,0.13,Mandalay,MMR010,0.3635943592094361,0.3359011103515642,0.34974773478050014
Taungtha,MMR010018,0,0,0,27229.20553,27229.20553,0.52,0.36,0.54,0.11,0.13,0,0,0,0,2723,0.52,0.36,0.54,0.11,0.13,Mandalay,MMR010,0.10417278711814956,0.3722068333222044,0.238189810220177
Natogyi,MMR010019,0,0,0,22256.50269,22256.50269,0.52,0.36,0.54,0.11,0.13,0,0,0,0,2226,0.52,0.36,0.54,0.11,0.13,Mandalay,MMR010,0.12601191550581206,0.3267407195467962,0.2263763175263041
Kyaukpadaung,MMR010020,0,0,0,32918.57886,32918.57886,0.52,0.36,0.54,0.11,0.13,0,0,0,0,3292,0.52,0.36,0.54,0.11,0.13,Mandalay,MMR010,0.10329298497093063,0.42442919152215125,0.2638610882465409
Ngazun,MMR010021,0,0,0,15614.5433,15614.5433,0.52,0.36,0.54,0.11,0.13,0,0,0,0,1561,0.52,0.36,0.54,0.11,0.13,Mandalay,MMR010,0.027404541672734622,0.4196455453775326,0.22352504352513364
Nyaung-U,MMR010022,0,0,0,30158.35424,30158.35424,0.52,0.36,0.54,0.11,0.13,0,0,0,0,3016,0.52,0.36,0.54,0.11,0.13,Mandalay,MMR010,0.08934810267980167,0.4164352170424553,0.2528916598611285
Yamethin,MMR010023,0,0,0,32438.82942,32438.82942,0.52,0.36,0.54,0.11,0.13,0,0,0,0,3244,0.52,0.36,0.54,0.11,0.13,Mandalay,MMR010,8.272923112165615e-4,0.4049873374257512,0.2029073148684839
Pyawbwe,MMR010024,0,0,0,32715.59344,32715.59344,0.52,0.36,0.54,0.11,0.13,0,0,0,0,3272,0.52,0.36,0.54,0.11,0.13,Mandalay,MMR010,0.0026271407587329467,0.39719419155941754,0.19991066615907524
Meiktila,MMR010028,0,0,0,38920.78854,38920.78854,0.52,0.36,0.54,0.11,0.13,0,0,0,0,3892,0.52,0.36,0.54,0.11,0.13,Mandalay,MMR010,0.11650883567909191,0.2521077308909758,0.18430828328503387
Mahlaing,MMR010029,0,0,0,17524.24017,17524.24017,0.52,0.36,0.54,0.11,0.13,0,0,0,0,1752,0.52,0.36,0.54,0.11,0.13,Mandalay,MMR010,0.049097802071221254,0.4355587805249886,0.24232829129810493
Thazi,MMR010030,0,0,0,25474.35574,25474.35574,0.52,0.36,0.54,0.11,0.13,0,0,0,0,2547,0.52,0.36,0.54,0.11,0.13,Mandalay,MMR010,0.018436510989498285,0.3684620967564909,0.19344930387299458
Wundwin,MMR010031,0,0,0,28877.97501,28877.97501,0.52,0.36,0.54,0.11,0.13,0,0,0,0,2888,0.52,0.36,0.54,0.11,0.13,Mandalay,MMR010,0.0625101904787624,0.4000302607565289,0.23127022561764565
Mawlamyine,MMR011001,0,0,0,44000,44000,0.52,0.36,0.54,0.11,0.13,0,0,0,0,0,0.52,0.36,0.54,0.11,0.13,Mon,MMR011,0.18642366735152802,0.1780055631154376,0.1822146152334828
Kyaikmaraw,MMR011002,0,0,0,24000,24000,0.52,0.36,0.54,0.11,0.13,0,0,0,0,0,0.52,0.36,0.54,0.11,0.13,Mon,MMR011,0.019597080263085903,0.4620284325952402,0.24081275642916306
Chaungzon,MMR011003,0,0,0,12000,12000,0.52,0.36,0.54,0.11,0.13,0,0,0,0,0,0.52,0.36,0.54,0.11,0.13,Mon,MMR011,0.015213833641965269,0.34941340190592773,0.1823136177739465
Thanbyuzayat,MMR011004,0,0,0,23000,23000,0.52,0.36,0.54,0.11,0.13,0,0,0,0,0,0.52,0.36,0.54,0.11,0.13,Mon,MMR011,0.027590894496462508,0.4792912820849028,0.2534410882906826
Mudon,MMR011005,0,0,0,27000,27000,0.52,0.36,0.54,0.11,0.13,0,0,0,0,0,0.52,0.36,0.54,0.11,0.13,Mon,MMR011,0.03326633881244131,0.28238548796271584,0.15782591338757856
Ye,MMR011006,0,0,0,61436.53538,61436.53538,0.52,0.36,0.54,0.11,0.13,0,0,0,0,10000,0.52,0.36,0.54,0.11,0.13,Mon,MMR011,0.31845101933347775,0.41618046652902263,0.3673157429312502
Thaton,MMR011007,0,0,0,55489.66594,55489.66594,0.52,0.36,0.54,0.11,0.13,0,0,0,0,10000,0.52,0.36,0.54,0.11,0.13,Mon,MMR011,0.19859475870958196,0.3673469899976658,0.2829708743536239
Paung,MMR011008,0,0,0,34004,34004,0.52,0.36,0.54,0.11,0.13,0,0,0,0,0,0.52,0.36,0.54,0.11,0.13,Mon,MMR011,0.03207041219436997,0.3781246518449696,0.20509753201966976
Kyaikto,MMR011009,0,0,0,43004.45614,43004.45614,0.52,0.36,0.54,0.11,0.13,0,0,0,0,10000,0.52,0.36,0.54,0.11,0.13,Mon,MMR011,0.22595830376184467,0.33541840388111177,0.2806883538214782
Bilin,MMR011010,1095,0,0,41933.8259,43028.8259,0.52,0.36,0.54,0.11,0.13,1095,0,0,0,5000,0.52,0.36,0.54,0.11,0.13,Mon,MMR011,0.12262171152925885,0.4433857881535719,0.28300374984141535
Sittwe,MMR012001,112456,373.7095533,2491.397022,13395.70889,128716.8155,0.52,0.36,0.54,0.11,0.13,112456,0,0,0,80000,0.52,0.36,0.54,0.11,0.13,Rakhine,MMR012,0.6639030586324861,0.40256582102622784,0.5332344398293569
Ponnagyun,MMR012002,2889,0,905.5801936,33205.41981,37000,0.52,0.36,0.54,0.11,0.13,2889,0,0,0,0,0.52,0.36,0.54,0.11,0.13,Rakhine,MMR012,0.01770369629196268,0.7839836859274947,0.4008436911097287
Mrauk-U,MMR012003,22743,0,17342.15837,52084.16748,92169.32585,0.52,0.36,0.54,0.11,0.13,22743,0,0,0,50000,0.52,0.36,0.54,0.11,0.13,Rakhine,MMR012,0.12520725761506657,0.7288049364819844,0.4270060970485255
Kyauktaw,MMR012004,15095,0,14310.82829,51329.82131,80735.6496,0.52,0.36,0.54,0.11,0.13,15095,0,0,0,40000,0.52,0.36,0.54,0.11,0.13,Rakhine,MMR012,0.09008379980556491,0.7113359516980922,0.40070987575182854
Minbya,MMR012005,2922,0,28083.06681,40815.15192,71820.21873,0.52,0.36,0.54,0.11,0.13,2922,0,0,0,50000,0.52,0.36,0.54,0.11,0.13,Rakhine,MMR012,0.01984130798457188,0.7827968571832539,0.40131908258391286
Myebon,MMR012006,6579,0,0,29421,36000,0.52,0.36,0.54,0.11,0.13,6579,0,0,0,0,0.52,0.36,0.54,0.11,0.13,Rakhine,MMR012,0.035786127194941064,0.7745733830172674,0.40517975510610427
Pauktaw,MMR012007,24429,0,20423.70647,5147.293533,50000,0.52,0.36,0.54,0.11,0.13,24429,0,0,0,0,0.52,0.36,0.54,0.11,0.13,Rakhine,MMR012,0.13804918663090415,0.850472474925548,0.4942608307782261
Rathedaung,MMR012008,19553,0,7115.377229,31430.52335,58098.90058,0.52,0.36,0.54,0.11,0.13,19553,0,0,0,10000,0.52,0.36,0.54,0.11,0.13,Rakhine,MMR012,0.10240950479393572,0.8542345584203834,0.4783220316071596
Maungdaw,MMR012009,0,92.20618358,14199.75227,2596.624585,16888.58304,0.52,0.36,0.54,0.11,0.13,0,0,0,0,16889,0.52,0.36,0.54,0.11,0.13,Rakhine,MMR012,0.10828488516850529,0.5410905300873877,0.3246877076279465
Buthidaung,MMR012010,7030,0,15260.83045,4927.692901,27218.52335,0.52,0.36,0.54,0.11,0.13,7030,0,0,0,25000,0.52,0.36,0.54,0.11,0.13,Rakhine,MMR012,0.0754274296252615,0.6608733138560238,0.36815037174064263
Kyaukpyu,MMR012011,1001,0,0,45999,47000,0.52,0.36,0.54,0.11,0.13,1001,0,0,0,0,0.52,0.36,0.54,0.11,0.13,Rakhine,MMR012,0.01201789711901742,0.5481398998428183,0.2800788984809179
Munaung,MMR012012,0,0,0,14000,14000,0.52,0.36,0.54,0.11,0.13,0,0,0,0,0,0.52,0.36,0.54,0.11,0.13,Rakhine,MMR012,8.272923112165615e-4,0.4939312695392774,0.247379280925247
Ramree,MMR012013,0,0,0,26000,26000,0.52,0.36,0.54,0.11,0.13,0,0,0,0,0,0.52,0.36,0.54,0.11,0.13,Rakhine,MMR012,0.0016545846224331057,0.6185159243972967,0.3100852545098649
Ann,MMR012014,3984,0,0,47978.54245,51962.54245,0.52,0.36,0.54,0.11,0.13,3984,0,0,0,1000,0.52,0.36,0.54,0.11,0.13,Rakhine,MMR012,0.04249169494297538,0.5790682798387243,0.31077998739084983
Thandwe,MMR012015,0,0,0,36000,36000,0.52,0.36,0.54,0.11,0.13,0,0,0,0,0,0.52,0.36,0.54,0.11,0.13,Rakhine,MMR012,0.06184233177721658,0.3535431183422867,0.20769272505975164
Toungup,MMR012016,0,0,0,44000,44000,0.52,0.36,0.54,0.11,0.13,0,0,0,0,0,0.52,0.36,0.54,0.11,0.13,Rakhine,MMR012,0.0407544771471081,0.47875337716297034,0.2597539271550392
Gwa,MMR012017,0,0,0,12000,12000,0.52,0.36,0.54,0.11,0.13,0,0,0,0,0,0.52,0.36,0.54,0.11,0.13,Rakhine,MMR012,0.015376193411612076,0.3812401599276468,0.19830817666962944
Insein,MMR013001,0,0,0,99476.25275,99476.25275,0.52,0.36,0.54,0.11,0.13,0,0,0,0,99476,0.52,0.36,0.54,0.11,0.13,Yangon,MMR013,0.307510312788081,0.08406435409430534,0.19578733344119317
Mingaladon,MMR013002,0,0,0,108047.067,108047.067,0.52,0.36,0.54,0.11,0.13,0,0,0,0,108047,0.52,0.36,0.54,0.11,0.13,Yangon,MMR013,0.08882437558369671,0.09913072053572343,0.09397754805971006
Hmawbi,MMR013003,0,0,0,79705.02045,79705.02045,0.52,0.36,0.54,0.11,0.13,0,0,0,0,79705,0.52,0.36,0.54,0.11,0.13,Yangon,MMR013,0.020415808171528,0.2558478284189668,0.1381318182952474
Hlegu,MMR013004,0,0,0,88220.76613,88220.76613,0.52,0.36,0.54,0.11,0.13,0,0,0,0,88221,0.52,0.36,0.54,0.11,0.13,Yangon,MMR013,0.043033869204747624,0.27243005603823095,0.15773196262148928
Taikkyi,MMR013005,0,0,0,90347.58453,90347.58453,0.52,0.36,0.54,0.11,0.13,0,0,0,0,90348,0.52,0.36,0.54,0.11,0.13,Yangon,MMR013,0.04095328733303842,0.37436132060618404,0.20765730396961124
Htantabin,MMR013006,0,0,0,47506.22157,47506.22157,0.52,0.36,0.54,0.11,0.13,0,0,0,0,47506,0.52,0.36,0.54,0.11,0.13,Yangon,MMR013,0.007365322833980372,0.43193038879814055,0.21964785581606047
Shwepyithar,MMR013007,0,0,0,111937.7076,111937.7076,0.52,0.36,0.54,0.11,0.13,0,0,0,0,111938,0.52,0.36,0.54,0.11,0.13,Yangon,MMR013,0.1360560444482419,0.14549075526285232,0.1407733998555471
Hlaingtharya,MMR013008,0,0,0,227976,227976,0.52,0.36,0.54,0.11,0.13,0,0,0,0,227976,0.52,0.36,0.54,0.11,0.13,Yangon,MMR013,0.25842390397255266,0.14128450619169708,0.19985420508212487
Thingangyun,MMR013009,0,0,0,68260.86708,68260.86708,0.52,0.36,0.54,0.11,0.13,0,0,0,0,68261,0.52,0.36,0.54,0.11,0.13,Yangon,MMR013,0.1607131177047235,0.04529656539193353,0.10300484154832851
Yankin,MMR013010,0,0,0,23117.70465,23117.70465,0.52,0.36,0.54,0.11,0.13,0,0,0,0,23118,0.52,0.36,0.54,0.11,0.13,Yangon,MMR013,0.06777726649766293,0.01614032377022556,0.041958795133944245
South Okkalapa,MMR013011,0,0,0,52502.79479,52502.79479,0.52,0.36,0.54,0.11,0.13,0,0,0,0,52503,0.52,0.36,0.54,0.11,0.13,Yangon,MMR013,0.16318376251288927,0.026298915100346522,0.09474133880661789
North Okkalapa,MMR013012,0,0,0,108603.2917,108603.2917,0.52,0.36,0.54,0.11,0.13,0,0,0,0,108603,0.52,0.36,0.54,0.11,0.13,Yangon,MMR013,0.16480435680927077,0.06803791895761908,0.11642113788344494
Thaketa,MMR013013,0,0,0,71868.01886,71868.01886,0.52,0.36,0.54,0.11,0.13,0,0,0,0,71868,0.52,0.36,0.54,0.11,0.13,Yangon,MMR013,0.2956557577202167,0.06658544725196072,0.1811206024860887
Dawbon,MMR013014,0,0,0,24544.59874,24544.59874,0.52,0.36,0.54,0.11,0.13,0,0,0,0,24545,0.52,0.36,0.54,0.11,0.13,Yangon,MMR013,0.07056341081953929,0.10103655068019006,0.08579998074986467
Tamwe,MMR013015,0,0,0,53867.12582,53867.12582,0.52,0.36,0.54,0.11,0.13,0,0,0,0,53867,0.52,0.36,0.54,0.11,0.13,Yangon,MMR013,0.3386226497598891,0.029586536255686895,0.184104593007788
Pazundaung,MMR013016,0,0,0,15789.02797,15789.02797,0.52,0.36,0.54,0.11,0.13,0,0,0,0,15789,0.52,0.36,0.54,0.11,0.13,Yangon,MMR013,0.04569851214902651,0.030223200074710216,0.03796085611186836
Botahtaung,MMR013017,0,0,0,13358.19217,13358.19217,0.52,0.36,0.54,0.11,0.13,0,0,0,0,13358,0.52,0.36,0.54,0.11,0.13,Yangon,MMR013,0.033845292523632636,0.013963824677600491,0.023904558600616563
Dagon Myothit (South),MMR013018,0,0,0,121100.59,121100.59,0.52,0.36,0.54,0.11,0.13,0,0,0,0,121101,0.52,0.36,0.54,0.11,0.13,Yangon,MMR013,0.220048769632772,0.13105293416934963,0.17555085190106082
Dagon Myothit (North),MMR013019,0,0,0,66456.31364,66456.31364,0.52,0.36,0.54,0.11,0.13,0,0,0,0,66456,0.52,0.36,0.54,0.11,0.13,Yangon,MMR013,0.1799294367923396,0.051116135692075564,0.11552278624220759
Dagon Myothit (East),MMR013020,0,0,0,53969.76835,53969.76835,0.52,0.36,0.54,0.11,0.13,0,0,0,0,53970,0.52,0.36,0.54,0.11,0.13,Yangon,MMR013,0.02426435673354084,0.16019268374369167,0.09222852023861625
Dagon Myothit (Seikkan),MMR013021,0,0,0,54562.81408,54562.81408,0.52,0.36,0.54,0.11,0.13,0,0,0,0,54563,0.52,0.36,0.54,0.11,0.13,Yangon,MMR013,0.08818511333349581,0.18748499511164154,0.13783505422256867
Mingalartaungnyunt,MMR013022,0,0,0,43173.07754,43173.07754,0.52,0.36,0.54,0.11,0.13,0,0,0,0,43173,0.52,0.36,0.54,0.11,0.13,Yangon,MMR013,0.15858317560705495,0.05006087895746022,0.10432202728225759
Thanlyin,MMR013023,0,0,0,87348.14169,87348.14169,0.52,0.36,0.54,0.11,0.13,0,0,0,0,87348,0.52,0.36,0.54,0.11,0.13,Yangon,MMR013,0.09982163640357071,0.28042467099711343,0.19012315370034208
Kyauktan,MMR013024,0,0,0,54562.81408,54562.81408,0.52,0.36,0.54,0.11,0.13,0,0,0,0,54563,0.52,0.36,0.54,0.11,0.13,Yangon,MMR013,0.01486397380198552,0.4221174754196396,0.21849072461081256
Thongwa,MMR013025,0,0,0,51443.78455,51443.78455,0.52,0.36,0.54,0.11,0.13,0,0,0,0,51444,0.52,0.36,0.54,0.11,0.13,Yangon,MMR013,0.013533798499990377,0.5207006923741412,0.2671172454370658
Kayan,MMR013026,0,0,0,51490.381,51490.381,0.52,0.36,0.54,0.11,0.13,0,0,0,0,51490,0.52,0.36,0.54,0.11,0.13,Yangon,MMR013,0.04179963914153704,0.46024314471456623,0.2510213919280516
Twantay,MMR013027,0,0,0,73914.35248,73914.35248,0.52,0.36,0.54,0.11,0.13,0,0,0,0,73914,0.52,0.36,0.54,0.11,0.13,Yangon,MMR013,0.061461537148577425,0.4784769067968414,0.2699692219727094
Kawhmu,MMR013028,0,0,0,38792.35952,38792.35952,0.52,0.36,0.54,0.11,0.13,0,0,0,0,38792,0.52,0.36,0.54,0.11,0.13,Yangon,MMR013,0.04413320626245567,0.5858109663445412,0.31497208630349843
Kungyangon,MMR013029,0,0,0,36375.209390000004,36375.209390000004,0.52,0.36,0.54,0.11,0.13,0,0,0,0,36375,0.52,0.36,0.54,0.11,0.13,Yangon,MMR013,0.045028315110166216,0.41093610455732354,0.22798220983374487
Dala,MMR013030,0,0,0,56325.33296,56325.33296,0.52,0.36,0.54,0.11,0.13,0,0,0,0,56325,0.52,0.36,0.54,0.11,0.13,Yangon,MMR013,0.031333442123557355,0.3501411609534142,0.19073730153848578
Seikgyikanaungto,MMR013031,0,0,0,11079.85385,11079.85385,0.52,0.36,0.54,0.11,0.13,0,0,0,0,11080,0.52,0.36,0.54,0.11,0.13,Yangon,MMR013,0.012502823906716504,0.263254172742782,0.13787849832474924
Cocokyun,MMR013032,0,0,0,632.1476477,632.1476477,0.52,0.36,0.54,0.11,0.13,0,0,0,0,632,0.52,0.36,0.54,0.11,0.13,Yangon,MMR013,0,0.17062920939000856,0.08531460469500428
Kyauktada,MMR013033,0,0,0,9727.579241,9727.579241,0.52,0.36,0.54,0.11,0.13,0,0,0,0,9728,0.52,0.36,0.54,0.11,0.13,Yangon,MMR013,0.20834088234138964,0.045385733003548874,0.12686330767246926
Pabedan,MMR013034,0,0,0,10862.51236,10862.51236,0.52,0.36,0.54,0.11,0.13,0,0,0,0,10863,0.52,0.36,0.54,0.11,0.13,Yangon,MMR013,0.008638072282004892,0.10287195429499113,0.05575501328849801
Lanmadaw,MMR013035,0,0,0,15367.05313,15367.05313,0.52,0.36,0.54,0.11,0.13,0,0,0,0,15367,0.52,0.36,0.54,0.11,0.13,Yangon,MMR013,0.044703824054324486,0.02712936339792104,0.03591659372612276
Latha,MMR013036,0,0,0,8164.805984,8164.805984,0.52,0.36,0.54,0.11,0.13,0,0,0,0,8165,0.52,0.36,0.54,0.11,0.13,Yangon,MMR013,0.01059188827882607,0.05052485399945567,0.030558371139140873
Ahlone,MMR013037,0,0,0,18078.77103,18078.77103,0.52,0.36,0.54,0.11,0.13,0,0,0,0,18079,0.52,0.36,0.54,0.11,0.13,Yangon,MMR013,0.05317919439713643,0.037455720267937725,0.04531745733253707
Kyeemyindaing,MMR013038,0,0,0,36336.75917,36336.75917,0.52,0.36,0.54,0.11,0.13,0,0,0,0,36337,0.52,0.36,0.54,0.11,0.13,Yangon,MMR013,0.0939636367459494,0.1749150299515865,0.13443933334876795
Sanchaung,MMR013039,0,0,0,32460.78171,32460.78171,0.52,0.36,0.54,0.11,0.13,0,0,0,0,32461,0.52,0.36,0.54,0.11,0.13,Yangon,MMR013,0.27473272186286074,0.013623077438049094,0.1441778996504549
Hlaing,MMR013040,0,0,0,52235.92421,52235.92421,0.52,0.36,0.54,0.11,0.13,0,0,0,0,52236,0.52,0.36,0.54,0.11,0.13,Yangon,MMR013,0.25066996124348445,0.0496356235075389,0.15015279237551168
Kamaryut,MMR013041,0,0,0,27556.7497,27556.7497,0.52,0.36,0.54,0.11,0.13,0,0,0,0,27557,0.52,0.36,0.54,0.11,0.13,Yangon,MMR013,0.14867028228362955,0,0.07433514114181478
Mayangone,MMR013042,0,0,0,64554.98295,64554.98295,0.52,0.36,0.54,0.11,0.13,0,0,0,0,64555,0.52,0.36,0.54,0.11,0.13,Yangon,MMR013,0.1325406171956092,0.0786970111353933,0.10561881416550126
Dagon,MMR013043,0,0,0,8172.952216,8172.952216,0.52,0.36,0.54,0.11,0.13,0,0,0,0,8173,0.52,0.36,0.54,0.11,0.13,Yangon,MMR013,0.01633532131373124,0.0017157009949599626,0.0090255111543456
Bahan,MMR013044,0,0,0,31520.05477,31520.05477,0.52,0.36,0.54,0.11,0.13,0,0,0,0,31520,0.52,0.36,0.54,0.11,0.13,Yangon,MMR013,0.08343508227214473,0.03618599082377205,0.05981053654795839
Seikkan,MMR013045,0,0,0,920.8501301,920.8501301,0.52,0.36,0.54,0.11,0.13,0,0,0,0,921,0.52,0.36,0.54,0.11,0.13,Yangon,MMR013,0,0.143507668329466,0.071753834164733
Taunggyi,MMR014001,36,0,0,179092.8218,179128.8218,0.52,0.36,0.54,0.11,0.13,36,0,0,0,200,0.52,0.36,0.54,0.11,0.13,Shan (South),MMR222,0.3073154006462158,0.22128842607389815,0.264301913360057
Nyaungshwe,MMR014002,0,0,0,77442.02423,77442.02423,0.52,0.36,0.54,0.11,0.13,0,0,0,0,20,0.52,0.36,0.54,0.11,0.13,Shan (South),MMR222,0.0583088560657599,0.3076249794054927,0.18296691773562632
Hopong,MMR014003,0,0,0,45935.24282,45935.24282,0.52,0.36,0.54,0.11,0.13,0,0,0,0,50,0.52,0.36,0.54,0.11,0.13,Shan (South),MMR222,0.006936426513303411,0.4474258377732077,0.22718113214325555
Hsihseng,MMR014004,800,0,0,62275.13466,63075.13466,0.52,0.36,0.54,0.11,0.13,800,0,0,0,50,0.52,0.36,0.54,0.11,0.13,Shan (South),MMR222,0.04101186660641375,0.4584194583134068,0.24971566245991028
Kalaw,MMR014005,0,0,0,76082.95466,76082.95466,0.52,0.36,0.54,0.11,0.13,0,0,0,0,100,0.52,0.36,0.54,0.11,0.13,Shan (South),MMR222,0.09079734149542726,0.3187042613209158,0.20475080140817153
Pindaya,MMR014006,0,0,0,32424.27601,32424.27601,0.52,0.36,0.54,0.11,0.13,0,0,0,0,150,0.52,0.36,0.54,0.11,0.13,Shan (South),MMR222,0.03497939103047403,0.3715095424794108,0.20324446675494243
Ywangan,MMR014007,0,0,0,33744.50334,33744.50334,0.52,0.36,0.54,0.11,0.13,0,0,0,0,150,0.52,0.36,0.54,0.11,0.13,Shan (South),MMR222,0.08980561924882882,0.3940829497043293,0.24194428447657906
Lawksawk,MMR014008,0,0,0,67352.44553,67352.44553,0.52,0.36,0.54,0.11,0.13,0,0,0,0,20,0.52,0.36,0.54,0.11,0.13,Shan (South),MMR222,0.019320375246643928,0.3923424943333232,0.20583143478998356
Pinlaung,MMR014009,60,0,0,78585.21145,78645.21145,0.52,0.36,0.54,0.11,0.13,60,0,0,0,50,0.52,0.36,0.54,0.11,0.13,Shan (South),MMR222,0.0669297941812623,0.40509701185600583,0.23601340301863405
Pekon,MMR014010,9970,0,0,38685.43709,48655.43709,0.52,0.36,0.54,0.11,0.13,9970,0,0,0,150,0.52,0.36,0.54,0.11,0.13,Shan (South),MMR222,0.4701245697206947,0.4004756702739544,0.43530011999732454
Loilen,MMR014011,0,0,0,50927.08406,50927.08406,0.52,0.36,0.54,0.11,0.13,0,0,0,0,50,0.52,0.36,0.54,0.11,0.13,Shan (South),MMR222,0.028189348933058602,0.5497691447525352,0.2889792468427969
Laihka,MMR014012,0,0,0,19965.32063,19965.32063,0.52,0.36,0.54,0.11,0.13,0,0,0,0,50,0.52,0.36,0.54,0.11,0.13,Shan (South),MMR222,0.0077503289897580385,0.5198268848598869,0.2637886069248225
Nansang,MMR014013,0,0,0,47821.34026,47821.34026,0.52,0.36,0.54,0.11,0.13,0,0,0,0,1000,0.52,0.36,0.54,0.11,0.13,Shan (South),MMR222,0.009977756385280407,0.5447215387862434,0.2773496475857619
Kunhing,MMR014014,0,0,0,21834.65458,21834.65458,0.52,0.36,0.54,0.11,0.13,0,0,0,0,50,0.52,0.36,0.54,0.11,0.13,Shan (South),MMR222,0.004186450970874283,0.6361244668372625,0.32015545890406844
Kyethi,MMR014015,1281,0,0,29933.48036,31214.48036,0.52,0.36,0.54,0.11,0.13,1281,0,0,0,5000,0.52,0.36,0.54,0.11,0.13,Shan (South),MMR222,0.038101750292611626,0.7470443411642299,0.3925730457284208
Mongkaing,MMR014016,3035,0,0,29259.38776,32294.38776,0.52,0.36,0.54,0.11,0.13,3035,0,0,0,50,0.52,0.36,0.54,0.11,0.13,Shan (South),MMR222,0.10018813632175219,0.7009991528777527,0.40059364459975244
Monghsu,MMR014017,0,0,0,29745.79686,29745.79686,0.52,0.36,0.54,0.11,0.13,0,0,0,0,50,0.52,0.36,0.54,0.11,0.13,Shan (South),MMR222,0.011447906418803694,0.6476811748862619,0.32956454065253277
Langkho,MMR014018,0,0,0,12500,12500,0.52,0.36,0.54,0.11,0.13,0,0,0,0,0,0.52,0.36,0.54,0.11,0.13,Shan (South),MMR222,0,0.44473959181536954,0.22236979590768477
Mongnai,MMR014019,0,0,0,16124.02745,16124.02745,0.52,0.36,0.54,0.11,0.13,0,0,0,0,50,0.52,0.36,0.54,0.11,0.13,Shan (South),MMR222,0.004424887617107524,0.4732932473892902,0.23885906750319885
Mawkmai,MMR014020,0,0,0,6000,6000,0.52,0.36,0.54,0.11,0.13,0,0,0,0,0,0.52,0.36,0.54,0.11,0.13,Shan (South),MMR222,0.0012630920511871842,0.6996380108725138,0.35045055146185045
Mongpan,MMR014021,0,0,0,10600.25194,10600.25194,0.52,0.36,0.54,0.11,0.13,0,0,0,0,50,0.52,0.36,0.54,0.11,0.13,Shan (South),MMR222,0.007007014505554436,0.4899640082154671,0.24848551136051075
Lashio,MMR015001,0,0,0,132229.2093,132229.2093,0.52,0.36,0.54,0.11,0.13,0,0,0,0,40000,0.52,0.36,0.54,0.11,0.13,Shan (North),MMR222,0.27153856036844143,0.39729436096591747,0.33441646066717945
Hseni,MMR015002,267,0.596236304,0,23068.29563,23335.89187,0.52,0.36,0.54,0.11,0.13,267,0,0,0,5834,0.52,0.36,0.54,0.11,0.13,Shan (North),MMR222,0.07692960115817304,0.5324811286540989,0.304705364906136
Mongyai,MMR015003,0,0,0,24276.80936,24276.80936,0.52,0.36,0.54,0.11,0.13,0,0,0,0,6069,0.52,0.36,0.54,0.11,0.13,Shan (North),MMR222,0.020151896496259893,0.7976930708013715,0.4089224836488157
Tangyan,MMR015004,0,0,0,70654.036,70654.036,0.52,0.36,0.54,0.11,0.13,0,0,0,0,17664,0.52,0.36,0.54,0.11,0.13,Shan (North),MMR222,0.01645569827096192,0.8190322659678827,0.4177439821194223
Pangsang (Panghkam),MMR015005,0,0,0,43328.31517,43328.31517,0.52,0.36,0.54,0.11,0.13,0,0,0,0,10832,0.52,0.36,0.54,0.11,0.13,Shan (North),MMR222,0.0012630920511871842,0.7119912704674671,0.35662718125932713
Narphan,MMR015006,0,0,0,47502.01616,47502.01616,0.52,0.36,0.54,0.11,0.13,0,0,0,0,11876,0.52,0.36,0.54,0.11,0.13,Shan (North),MMR222,0,0.9159432476894731,0.45797162384473655
Pangwaun,MMR015007,0,0,0,21000,21000,0.52,0.36,0.54,0.11,0.13,0,0,0,0,0,0.52,0.36,0.54,0.11,0.13,Shan (North),MMR222,0,0.8943690281154628,0.4471845140577314
Mongmao,MMR015008,0,0,0,14000,14000,0.52,0.36,0.54,0.11,0.13,0,0,0,0,0,0.52,0.36,0.54,0.11,0.13,Shan (North),MMR222,0,0.8074688343568125,0.40373441717840625
Muse,MMR015009,1713,1814.202056,0,67802.21971,71329.42177,0.52,0.36,0.54,0.11,0.13,1713,0,0,0,17832,0.52,0.36,0.54,0.11,0.13,Shan (North),MMR222,0.6380776432407121,0.23598815477987597,0.4370328990102941
Namhkan,MMR015010,1294,278.9227312,0,30427.07727,32000,0.52,0.36,0.54,0.11,0.13,1294,0,0,0,0,0.52,0.36,0.54,0.11,0.13,Shan (North),MMR222,0.13022315391544,0.3363538859356018,0.2332885199255209
Kutkai,MMR015011,4678,143.709379,0,69543.99755,74365.70693,0.52,0.36,0.54,0.11,0.13,4678,0,0,0,18591,0.52,0.36,0.54,0.11,0.13,Shan (North),MMR222,0.3198348641771089,0.36314994882738916,0.341492406502249
Kyaukme,MMR015012,5252,0,0,68436.72948,73688.72948,0.52,0.36,0.54,0.11,0.13,5252,0,0,0,18422,0.52,0.36,0.54,0.11,0.13,Shan (North),MMR222,0.3241049312144768,0.30516524826317015,0.3146350897388235
Nawnghkio,MMR015013,0,133.2454345,0,61132.00767,61265.2531,0.52,0.36,0.54,0.11,0.13,0,0,0,0,15316,0.52,0.36,0.54,0.11,0.13,Shan (North),MMR222,0.08288356840472112,0.2737229560904694,0.17830326224759527
Hsipaw,MMR015014,310,0,0,71910.88267,72220.88267,0.52,0.36,0.54,0.11,0.13,310,0,0,0,18055,0.52,0.36,0.54,0.11,0.13,Shan (North),MMR222,0.1606398262249515,0.37934384768935,0.26999183695715073
Namtu,MMR015015,631,0,0,20384.02681,21015.02681,0.52,0.36,0.54,0.11,0.13,631,0,0,0,5254,0.52,0.36,0.54,0.11,0.13,Shan (North),MMR222,0.10477331953564208,0.3005107606685332,0.20264204010208764
Namhsan,MMR015016,0,231.797386,0,17768.20261,18000,0.52,0.36,0.54,0.11,0.13,0,0,0,0,0,0.52,0.36,0.54,0.11,0.13,Shan (North),MMR222,0.058113125864520235,0.3504672457087762,0.2042901857866482
Mongmit,MMR015017,0,0,0,25893.46431,25893.46431,0.52,0.36,0.54,0.11,0.13,0,0,0,0,6473,0.52,0.36,0.54,0.11,0.13,Shan (North),MMR222,0.016293948569703343,0.3000214078484729,0.15815767820908813
Mabein,MMR015018,0,0,0,19379.41609,19379.41609,0.52,0.36,0.54,0.11,0.13,0,0,0,0,4845,0.52,0.36,0.54,0.11,0.13,Shan (North),MMR222,0.00291767667362029,0.27141627502441074,0.13716697584901552
Manton,MMR015019,304,0,0,11696,12000,0.52,0.36,0.54,0.11,0.13,304,0,0,0,0,0.52,0.36,0.54,0.11,0.13,Shan (North),MMR222,0.0211797413469756,0.4828842284262496,0.2520319848866126
Kunlong,MMR015020,0,98.57448476,0,23932.09773,24030.67221,0.52,0.36,0.54,0.11,0.13,0,0,0,0,6008,0.52,0.36,0.54,0.11,0.13,Shan (North),MMR222,0.007589357620486392,0.7606617232557499,0.38412554043811814
Hopang,MMR015021,0,0,0,11000,11000,0.52,0.36,0.54,0.11,0.13,0,0,0,0,0,0.52,0.36,0.54,0.11,0.13,Shan (North),MMR222,0,0.6502124902249334,0.3251062451124667
Laukkaing,MMR015022,1000,0,0,13000,14000,0.52,0.36,0.54,0.11,0.13,1000,0,0,0,0,0.52,0.36,0.54,0.11,0.13,Shan (North),MMR222,0.0049805006626196585,0.4585900622393221,0.23178528145097088
Konkyan,MMR015023,0,0,0,21000,21000,0.52,0.36,0.54,0.11,0.13,0,0,0,0,0,0.52,0.36,0.54,0.11,0.13,Shan (North),MMR222,0.003103920841567911,0.8406715246586433,0.4218877227501056
Matman,MMR015024,0,0,0,8067.737845,8067.737845,0.52,0.36,0.54,0.11,0.13,0,0,0,0,2017,0.52,0.36,0.54,0.11,0.13,Shan (North),MMR222,0,1,0.5
Kengtung,MMR016001,0,0,0,70169.53015,70169.53015,0.52,0.36,0.54,0.11,0.13,0,0,0,0,25000,0.52,0.36,0.54,0.11,0.13,Shan (East),MMR222,0.008805468065490363,0.32951704020465894,0.16916125413507466
Mongkhet,MMR016002,0,0,0,7000,7000,0.52,0.36,0.54,0.11,0.13,0,0,0,0,0,0.52,0.36,0.54,0.11,0.13,Shan (East),MMR222,0,0.5476741356808659,0.27383706784043294
Mongyang,MMR016003,0,0,0,44012.34747,44012.34747,0.52,0.36,0.54,0.11,0.13,0,0,0,0,10000,0.52,0.36,0.54,0.11,0.13,Shan (East),MMR222,0,0.570537827341637,0.2852689136708185
Mongla,MMR016005,0,0,0,7000,7000,0.52,0.36,0.54,0.11,0.13,0,0,0,0,0,0.52,0.36,0.54,0.11,0.13,Shan (East),MMR222,0,0.3224844338651853,0.16124221693259266
Monghsat,MMR016006,0,0,0,42787.38586,42787.38586,0.52,0.36,0.54,0.11,0.13,0,0,0,0,10000,0.52,0.36,0.54,0.11,0.13,Shan (East),MMR222,8.272923112165615e-4,0.4752955971189922,0.2380614447151044
Mongping,MMR016007,0,0,0,11000,11000,0.52,0.36,0.54,0.11,0.13,0,0,0,0,0,0.52,0.36,0.54,0.11,0.13,Shan (East),MMR222,0.003821692093651446,0.6089746958968706,0.306398193995261
Mongton,MMR016008,0,0,0,11500,11500,0.52,0.36,0.54,0.11,0.13,0,0,0,0,0,0.52,0.36,0.54,0.11,0.13,Shan (East),MMR222,0.002840945300084945,0.4876689702125673,0.2452549577563261
Tachileik,MMR016009,0,0,0,72497.20254,72497.20254,0.52,0.36,0.54,0.11,0.13,0,0,0,0,25000,0.52,0.36,0.54,0.11,0.13,Shan (East),MMR222,0.04796593215292233,0.2178339061468167,0.1328999191498695
Monghpyak,MMR016010,0,0,0,4500,4500,0.52,0.36,0.54,0.11,0.13,0,0,0,0,0,0.52,0.36,0.54,0.11,0.13,Shan (East),MMR222,0.0016545846224331057,0.6052473543295089,0.303450969475971
Mongyawng,MMR016011,0,0,0,13000,13000,0.52,0.36,0.54,0.11,0.13,0,0,0,0,0,0.52,0.36,0.54,0.11,0.13,Shan (East),MMR222,0.003821692093651446,0.6805425034067318,0.34218209775019165
Pathein,MMR017001,0,0,0,115403.6746,115403.6746,0.52,0.36,0.54,0.11,0.13,0,0,0,0,15002,0.52,0.36,0.54,0.11,0.13,Ayeyarwady,MMR017,0.28149009275159564,0.29386295408606705,0.2876765234188313
Kangyidaunt,MMR017002,0,0,0,53914.72115,53914.72115,0.52,0.36,0.54,0.11,0.13,0,0,0,0,7009,0.52,0.36,0.54,0.11,0.13,Ayeyarwady,MMR017,0.029347039289237646,0.46246373987012485,0.24590538957968125
Thabaung,MMR017003,0,0,0,46769.1047,46769.1047,0.52,0.36,0.54,0.11,0.13,0,0,0,0,6080,0.52,0.36,0.54,0.11,0.13,Ayeyarwady,MMR017,0.0059429038739580616,0.48380978315327666,0.24487634351361737
Ngapudaw,MMR017004,0,0,0,98287.51505,98287.51505,0.52,0.36,0.54,0.11,0.13,0,0,0,0,12777,0.52,0.36,0.54,0.11,0.13,Ayeyarwady,MMR017,0.022560609375697517,0.4624666978491875,0.2425136536124425
Kyonpyaw,MMR017005,0,0,0,71403.76129,71403.76129,0.52,0.36,0.54,0.11,0.13,0,0,0,0,9282,0.52,0.36,0.54,0.11,0.13,Ayeyarwady,MMR017,0.02968014406917632,0.4219737769130511,0.2258269604911137
Yegyi,MMR017006,0,0,0,58794.58045,58794.58045,0.52,0.36,0.54,0.11,0.13,0,0,0,0,7643,0.52,0.36,0.54,0.11,0.13,Ayeyarwady,MMR017,0.033861565182385645,0.37911005209986554,0.2064858086411256
Kyaunggon,MMR017007,0,0,0,49384.7214,49384.7214,0.52,0.36,0.54,0.11,0.13,0,0,0,0,6420,0.52,0.36,0.54,0.11,0.13,Ayeyarwady,MMR017,0.012607138054602228,0.4294846520207913,0.22104589503769675
Hinthada,MMR017008,0,0,0,102514.909,102514.909,0.52,0.36,0.54,0.11,0.13,0,0,0,0,13327,0.52,0.36,0.54,0.11,0.13,Ayeyarwady,MMR017,0.02644434870631829,0.37243816030107507,0.19944125450369668
Zalun,MMR017009,0,0,0,50950.15361,50950.15361,0.52,0.36,0.54,0.11,0.13,0,0,0,0,6624,0.52,0.36,0.54,0.11,0.13,Ayeyarwady,MMR017,0.017265339250646515,0.42990944946229315,0.22358739435646982
Lemyethna,MMR017010,0,0,0,31206.86686,31206.86686,0.52,0.36,0.54,0.11,0.13,0,0,0,0,4057,0.52,0.36,0.54,0.11,0.13,Ayeyarwady,MMR017,0.002101189675767032,0.4148174229422982,0.20845930630903262
Myanaung,MMR017011,0,0,0,66210.08856,66210.08856,0.52,0.36,0.54,0.11,0.13,0,0,0,0,8607,0.52,0.36,0.54,0.11,0.13,Ayeyarwady,MMR017,0.04596359754437204,0.4045346144349067,0.22524910598963938
Kyangin,MMR017012,0,0,0,29104.3775,29104.3775,0.52,0.36,0.54,0.11,0.13,0,0,0,0,3784,0.52,0.36,0.54,0.11,0.13,Ayeyarwady,MMR017,0.015886645336922234,0.3356604542859473,0.17577354981143478
Ingapu,MMR017013,0,0,0,64938.78071,64938.78071,0.52,0.36,0.54,0.11,0.13,0,0,0,0,8442,0.52,0.36,0.54,0.11,0.13,Ayeyarwady,MMR017,0.025714322940131495,0.3877933313059113,0.2067538271230214
Myaungmya,MMR017014,0,0,0,90459.74819,90459.74819,0.52,0.36,0.54,0.11,0.13,0,0,0,0,11760,0.52,0.36,0.54,0.11,0.13,Ayeyarwady,MMR017,0.05250466092794758,0.5112612136683523,0.28188293729814995
Einme,MMR017015,0,0,0,58794.88336,58794.88336,0.52,0.36,0.54,0.11,0.13,0,0,0,0,7643,0.52,0.36,0.54,0.11,0.13,Ayeyarwady,MMR017,0.01372160878917897,0.5342165445751803,0.2739690766821796
Labutta,MMR017016,0,0,0,95482.27749,95482.27749,0.52,0.36,0.54,0.11,0.13,0,0,0,0,12413,0.52,0.36,0.54,0.11,0.13,Ayeyarwady,MMR017,0.024760102121338966,0.5949337207696154,0.30984691144547716
Wakema,MMR017017,0,0,0,87572.72528,87572.72528,0.52,0.36,0.54,0.11,0.13,0,0,0,0,11384,0.52,0.36,0.54,0.11,0.13,Ayeyarwady,MMR017,0.026485337313903366,0.5715192676323372,0.29900230247312026
Mawlamyinegyun,MMR017018,0,0,0,94307.59752,94307.59752,0.52,0.36,0.54,0.11,0.13,0,0,0,0,12260,0.52,0.36,0.54,0.11,0.13,Ayeyarwady,MMR017,0.033694651800188255,0.5463857414931794,0.29004019664668385
Maubin,MMR017019,0,0,0,95141.50519,95141.50519,0.52,0.36,0.54,0.11,0.13,0,0,0,0,12368,0.52,0.36,0.54,0.11,0.13,Ayeyarwady,MMR017,0.0978335329109414,0.48948984613358454,0.29366168952226296
Pantanaw,MMR017020,0,0,0,80148.43282,80148.43282,0.52,0.36,0.54,0.11,0.13,0,0,0,0,10419,0.52,0.36,0.54,0.11,0.13,Ayeyarwady,MMR017,0.01789432617816683,0.5068077306840996,0.2623510284311332
Nyaungdon,MMR017021,0,0,0,65399.80777,65399.80777,0.52,0.36,0.54,0.11,0.13,0,0,0,0,8502,0.52,0.36,0.54,0.11,0.13,Ayeyarwady,MMR017,0.03366985366904832,0.4587629384578047,0.24621639606342652
Danubyu,MMR017022,0,0,0,54327.58572,54327.58572,0.52,0.36,0.54,0.11,0.13,0,0,0,0,7063,0.52,0.36,0.54,0.11,0.13,Ayeyarwady,MMR017,0.019497116879651576,0.3888665170927226,0.20418181698618706
Pyapon,MMR017023,0,0,0,95150.28955,95150.28955,0.52,0.36,0.54,0.11,0.13,0,0,0,0,12370,0.52,0.36,0.54,0.11,0.13,Ayeyarwady,MMR017,0.06115267630711778,0.5090367310268751,0.2850947036669964
Bogale,MMR017024,0,0,0,97738.03865,97738.03865,0.52,0.36,0.54,0.11,0.13,0,0,0,0,12706,0.52,0.36,0.54,0.11,0.13,Ayeyarwady,MMR017,0.030113842220005117,0.5581411719660054,0.2941275070930053
Kyaiklat,MMR017025,0,0,0,58564.36983,58564.36983,0.52,0.36,0.54,0.11,0.13,0,0,0,0,7613,0.52,0.36,0.54,0.11,0.13,Ayeyarwady,MMR017,0.021859211173426533,0.5130513467533265,0.2674552789633765
Dedaye,MMR017026,0,0,0,61468.05272,61468.05272,0.52,0.36,0.54,0.11,0.13,0,0,0,0,7991,0.52,0.36,0.54,0.11,0.13,Ayeyarwady,MMR017,0.013787526584630278,0.5150071144494756,0.2643973205170529
Zay Yar Thi Ri,MMR018001,0,0,0,0,0,0,0,0,0,0,0,0,0,0,0,0,0,0,0,0,Nay Pyi Taw,MMR018,0.16264740873502745,0.15812644259831993,0.16038692566667367
Za Bu Thi Ri,MMR018002,0,0,0,0,0,0,0,0,0,0,0,0,0,0,0,0,0,0,0,0,Nay Pyi Taw,MMR018,0.021063651748231233,0.018317609672832576,0.019690630710531905
Tatkon,MMR018003,0,0,0,0,0,0,0,0,0,0,0,0,0,0,0,0,0,0,0,0,Nay Pyi Taw,MMR018,0.022872203919969115,0.25703246229824833,0.13995233310910873
Det Khi Na Thi Ri,MMR018004,0,0,0,0,0,0,0,0,0,0,0,0,0,0,0,0,0,0,0,0,Nay Pyi Taw,MMR018,0.006233439788845405,0.24968905460156485,0.12796124719520513
Poke Ba Thi Ri,MMR018005,0,0,0,0,0,0,0,0,0,0,0,0,0,0,0,0,0,0,0,0,Nay Pyi Taw,MMR018,0.01845653309403787,0.1914181259714454,0.10493732953274162
Pyinmana,MMR018006,0,0,0,0,0,0,0,0,0,0,0,0,0,0,0,0,0,0,0,0,Nay Pyi Taw,MMR018,0.08854255715452726,0.18707611749101555,0.1378093373227714
Lewe,MMR018007,0,0,0,0,0,0,0,0,0,0,0,0,0,0,0,0,0,0,0,0,Nay Pyi Taw,MMR018,0.010096112225361175,0.3421935398467625,0.17614482603606182
Oke Ta Ra Thi Ri,MMR018008,0,0,0,0,0,0,0,0,0,0,0,0,0,0,0,0,0,0,0,0,Nay Pyi Taw,MMR018,0.009018759539887527,0.25869994559281967,0.1338593525663536
