District, Township ,Township Pcode,"internally displaced
people (IDP) -PiN","IDPs: returnees/resettled/
locally integrated -PiN","non-displaced stateless
people in Rakhine -PiN","Mostly vulnerable
crisis-affected people -PiN",Total PiN,Non-IDP,Female %,Children (Age <18) %,Adults (Age 18 -60) %,Elderly (Age 60+) %,People with disabilities %,"internally displaced
people (IDP) -target","IDPs: returnees/resettled/
locally integrated -target","non-displaced stateless
people in Rakhine -target","Mostly vulnerable
crisis-affected people -target",Total target,IDP Target > Total Target,Female % ,Children (Age <18) % ,Adults (Age 18 -60) % ,Elderly (Age 60+) % ,"Mostly vulnerable
crisis-affected people -target2",%IDP,%Returnees,%Rakhine Stateless,%Other Vulnerable,%Target,SO1 Target,SO2 Target,SO3 Target,IDP_SO1,Returnees_SO1,Rakhine Stateless_SO1,Other Vulnerable_SO1,IDP_SO2,Returnees_SO2,Rakhine Stateless_SO2,Other Vulnerable_SO2,IDP_SO3,Returnees_SO3,Rakhine Stateless_SO3,Other Vulnerable_SO3
Hinthada,Hinthada,MMR017008,0,0,0,102514.909,102514.909,102514.909,52,36,54,11,13,0,,,,13327,Not,52,36,54,11,13,,0,0,100,0.003250488,1807.27122,9569.436098,2762.914634,0,0,0,1807.27122,0,0,0,9569.436098,0,0,0,2762.914634
Hinthada,Ingapu,MMR017013,0,0,0,64938.78071,64938.78071,64938.78071,52,36,54,11,13,0,,,,8442,Not,52,36,54,11,13,,0,0,100,0.002059024,1144.817561,6061.767805,1750.170732,0,0,0,1144.817561,0,0,0,6061.767805,0,0,0,1750.170732
Hinthada,Kyangin,MMR017012,0,0,0,29104.3775,29104.3775,29104.3775,52,36,54,11,13,0,,,,3784,Not,52,36,54,11,13,,0,0,100,0.000922927,513.1473171,2717.096585,784.4878049,0,0,0,513.1473171,0,0,0,2717.096585,0,0,0,784.4878049
Hinthada,Lemyethna,MMR017010,0,0,0,31206.86686,31206.86686,31206.86686,52,36,54,11,13,0,,,,4057,Not,52,36,54,11,13,,0,0,100,0.000989512,550.1687805,2913.123902,841.0853659,0,0,0,550.1687805,0,0,0,2913.123902,0,0,0,841.0853659
Hinthada,Myanaung,MMR017011,0,0,0,66210.08856,66210.08856,66210.08856,52,36,54,11,13,0,,,,8607,Not,52,36,54,11,13,,0,0,100,0.002099268,1167.193171,6180.245854,1784.378049,0,0,0,1167.193171,0,0,0,6180.245854,0,0,0,1784.378049
Hinthada,Zalun,MMR017009,0,0,0,50950.15361,50950.15361,50950.15361,52,36,54,11,13,0,,,,6624,Not,52,36,54,11,13,,0,0,100,0.00161561,898.2790244,4756.355122,1373.268293,0,0,0,898.2790244,0,0,0,4756.355122,0,0,0,1373.268293
Labutta,Labutta,MMR017016,0,0,0,95482.27749,95482.27749,95482.27749,52,36,54,11,13,0,,,,12413,Not,52,36,54,11,13,,0,0,100,0.003027561,1683.323902,8913.139512,2573.426829,0,0,0,1683.323902,0,0,0,8913.139512,0,0,0,2573.426829
Labutta,Mawlamyinegyun,MMR017018,0,0,0,94307.59752,94307.59752,94307.59752,52,36,54,11,13,0,,,,12260,Not,52,36,54,11,13,,0,0,100,0.002990244,1662.57561,8803.278049,2541.707317,0,0,0,1662.57561,0,0,0,8803.278049,0,0,0,2541.707317
Maubin,Danubyu,MMR017022,0,0,0,54327.58572,54327.58572,54327.58572,52,36,54,11,13,0,,,,7063,Not,52,36,54,11,13,,0,0,100,0.001722683,957.8117073,5071.578537,1464.280488,0,0,0,957.8117073,0,0,0,5071.578537,0,0,0,1464.280488
Maubin,Maubin,MMR017019,0,0,0,95141.50519,95141.50519,95141.50519,52,36,54,11,13,0,,,,12368,Not,52,36,54,11,13,,0,0,100,0.003016585,1677.221463,8880.827317,2564.097561,0,0,0,1677.221463,0,0,0,8880.827317,0,0,0,2564.097561
Maubin,Nyaungdon,MMR017021,0,0,0,65399.80777,65399.80777,65399.80777,52,36,54,11,13,0,,,,8502,Not,52,36,54,11,13,,0,0,100,0.002073659,1152.954146,6104.850732,1762.609756,0,0,0,1152.954146,0,0,0,6104.850732,0,0,0,1762.609756
Maubin,Pantanaw,MMR017020,0,0,0,80148.43282,80148.43282,80148.43282,52,36,54,11,13,0,,,,10419,Not,52,36,54,11,13,,0,0,100,0.00254122,1412.918049,7481.350244,2160.036585,0,0,0,1412.918049,0,0,0,7481.350244,0,0,0,2160.036585
Myaungmya,Einme,MMR017015,0,0,0,58794.88336,58794.88336,58794.88336,52,36,54,11,13,0,,,,7643,Not,52,36,54,11,13,,0,0,100,0.001864146,1036.465366,5488.046829,1584.52439,0,0,0,1036.465366,0,0,0,5488.046829,0,0,0,1584.52439
Myaungmya,Myaungmya,MMR017014,0,0,0,90459.74819,90459.74819,90459.74819,52,36,54,11,13,0,,,,11760,Not,52,36,54,11,13,,0,0,100,0.002868293,1594.770732,8444.253659,2438.04878,0,0,0,1594.770732,0,0,0,8444.253659,0,0,0,2438.04878
Myaungmya,Wakema,MMR017017,0,0,0,87572.72528,87572.72528,87572.72528,52,36,54,11,13,0,,,,11384,Not,52,36,54,11,13,,0,0,100,0.002776585,1543.781463,8174.267317,2360.097561,0,0,0,1543.781463,0,0,0,8174.267317,0,0,0,2360.097561
Pathein,Kangyidaunt,MMR017002,0,0,0,53914.72115,53914.72115,53914.72115,52,36,54,11,13,0,,,,7009,Not,52,36,54,11,13,,0,0,100,0.001709512,950.4887805,5032.803902,1453.085366,0,0,0,950.4887805,0,0,0,5032.803902,0,0,0,1453.085366
Pathein,Kyaunggon,MMR017007,0,0,0,49384.7214,49384.7214,49384.7214,52,36,54,11,13,0,,,,6420,Not,52,36,54,11,13,,0,0,100,0.001565854,870.6146341,4609.873171,1330.97561,0,0,0,870.6146341,0,0,0,4609.873171,0,0,0,1330.97561
Pathein,Kyonpyaw,MMR017005,0,0,0,71403.76129,71403.76129,71403.76129,52,36,54,11,13,0,,,,9282,Not,52,36,54,11,13,,0,0,100,0.002263902,1258.729756,6664.92878,1924.317073,0,0,0,1258.729756,0,0,0,6664.92878,0,0,0,1924.317073
Pathein,Ngapudaw,MMR017004,0,0,0,98287.51505,98287.51505,98287.51505,52,36,54,11,13,0,,,,12777,Not,52,36,54,11,13,,0,0,100,0.003116341,1732.685854,9174.509268,2648.890244,0,0,0,1732.685854,0,0,0,9174.509268,0,0,0,2648.890244
Pathein,Pathein,MMR017001,0,0,0,115403.6746,115403.6746,115403.6746,52,36,54,11,13,0,,,,15002,Not,52,36,54,11,13,,0,0,100,0.003659024,2034.417561,10772.1678,3110.170732,0,0,0,2034.417561,0,0,0,10772.1678,0,0,0,3110.170732
Pathein,Thabaung,MMR017003,0,0,0,46769.1047,46769.1047,46769.1047,52,36,54,11,13,0,,,,6080,Not,52,36,54,11,13,,0,0,100,0.001482927,824.5073171,4365.736585,1260.487805,0,0,0,824.5073171,0,0,0,4365.736585,0,0,0,1260.487805
Pathein,Yegyi,MMR017006,0,0,0,58794.58045,58794.58045,58794.58045,52,36,54,11,13,0,,,,7643,Not,52,36,54,11,13,,0,0,100,0.001864146,1036.465366,5488.046829,1584.52439,0,0,0,1036.465366,0,0,0,5488.046829,0,0,0,1584.52439
Pyapon,Bogale,MMR017024,0,0,0,97738.03865,97738.03865,97738.03865,52,36,54,11,13,0,,,,12706,Not,52,36,54,11,13,,0,0,100,0.003099024,1723.057561,9123.527805,2634.170732,0,0,0,1723.057561,0,0,0,9123.527805,0,0,0,2634.170732
Pyapon,Dedaye,MMR017026,0,0,0,61468.05272,61468.05272,61468.05272,52,36,54,11,13,0,,,,7991,Not,52,36,54,11,13,,0,0,100,0.001949024,1083.657561,5737.927805,1656.670732,0,0,0,1083.657561,0,0,0,5737.927805,0,0,0,1656.670732
Pyapon,Kyaiklat,MMR017025,0,0,0,58564.36983,58564.36983,58564.36983,52,36,54,11,13,0,,,,7613,Not,52,36,54,11,13,,0,0,100,0.001856829,1032.397073,5466.505366,1578.304878,0,0,0,1032.397073,0,0,0,5466.505366,0,0,0,1578.304878
Pyapon,Pyapon,MMR017023,0,0,0,95150.28955,95150.28955,95150.28955,52,36,54,11,13,0,,,,12370,Not,52,36,54,11,13,,0,0,100,0.003017073,1677.492683,8882.263415,2564.512195,0,0,0,1677.492683,0,0,0,8882.263415,0,0,0,2564.512195
Bago,Bago,MMR007001,0,0,0,117101.8334,117101.8334,117101.8334,52,36,54,11,13,0,,,,17565,Not,52,36,54,11,13,,0,0,100,0.004284146,2381.985366,12612.52683,3641.52439,0,0,0,2381.985366,0,0,0,12612.52683,0,0,0,3641.52439
Bago,Daik-U,MMR007007,0,0,0,48260.05997,48260.05997,48260.05997,52,36,54,11,13,0,,,,7239,Not,52,36,54,11,13,,0,0,100,0.00176561,981.6790244,5197.955122,1500.768293,0,0,0,981.6790244,0,0,0,5197.955122,0,0,0,1500.768293
Bago,Kawa,MMR007003,0,0,0,47028.8363,47028.8363,47028.8363,52,36,54,11,13,0,,,,7054,Not,52,36,54,11,13,,0,0,100,0.001720488,956.5912195,5065.116098,1462.414634,0,0,0,956.5912195,0,0,0,5065.116098,0,0,0,1462.414634
Bago,Kyauktaga,MMR007006,0,0,0,59860.29815,59860.29815,59860.29815,52,36,54,11,13,0,,,,8979,Not,52,36,54,11,13,,0,0,100,0.00219,1217.64,6447.36,1861.5,0,0,0,1217.64,0,0,0,6447.36,0,0,0,1861.5
Bago,Nyaunglebin,MMR007005,0,0,0,47534.00258,47534.00258,47534.00258,52,36,54,11,13,0,,,,4753,Not,52,36,54,11,13,,0,0,100,0.001159268,644.5531707,3412.885854,985.3780488,0,0,0,644.5531707,0,0,0,3412.885854,0,0,0,985.3780488
Bago,Shwegyin,MMR007008,0,0,0,25606.68822,25606.68822,25606.68822,52,36,54,11,13,0,,,,2561,Not,52,36,54,11,13,,0,0,100,0.000624634,347.2965854,1838.922927,530.9390244,0,0,0,347.2965854,0,0,0,1838.922927,0,0,0,530.9390244
Bago,Thanatpin,MMR007002,0,0,0,34619.85549,34619.85549,34619.85549,52,36,54,11,13,0,,,,3462,Not,52,36,54,11,13,,0,0,100,0.00084439,469.4809756,2485.884878,717.7317073,0,0,0,469.4809756,0,0,0,2485.884878,0,0,0,717.7317073
Bago,Waw,MMR007004,0,0,0,41941.66887,41941.66887,41941.66887,52,36,54,11,13,0,,,,4194,Not,52,36,54,11,13,,0,0,100,0.001022927,568.7473171,3011.496585,869.4878049,0,0,0,568.7473171,0,0,0,3011.496585,0,0,0,869.4878049
Taungoo,Htantabin,MMR007014,0,0,0,27945.22684,27945.22684,27945.22684,52,36,54,11,13,0,,,,2795,Not,52,36,54,11,13,,0,0,100,0.000681707,379.0292683,2006.946341,579.4512195,0,0,0,379.0292683,0,0,0,2006.946341,0,0,0,579.4512195
Taungoo,Kyaukkyi,MMR007011,2513,0,0,26414.15707,28927.15707,26414.15707,52,36,54,11,13,2513,,,,8000,Not,52,36,54,11,13,,0,0,100,0.00195122,1084.878049,5744.390244,1658.536585,0,0,0,1084.878049,0,0,0,5744.390244,0,0,0,1658.536585
Taungoo,Oktwin,MMR007013,0,0,0,38084.77196,38084.77196,38084.77196,52,36,54,11,13,0,,,,3808,Not,52,36,54,11,13,,0,0,100,0.00092878,516.4019512,2734.329756,789.4634146,0,0,0,516.4019512,0,0,0,2734.329756,0,0,0,789.4634146
Taungoo,Phyu,MMR007012,0,0,0,61304.54949,61304.54949,61304.54949,52,36,54,11,13,0,,,,6130,Not,52,36,54,11,13,,0,0,100,0.001495122,831.2878049,4401.639024,1270.853659,0,0,0,831.2878049,0,0,0,4401.639024,0,0,0,1270.853659
Taungoo,Taungoo,MMR007009,0,0,0,62444.27134,62444.27134,62444.27134,52,36,54,11,13,0,,,,6244,Not,52,36,54,11,13,,0,0,100,0.001522927,846.7473171,4483.496585,1294.487805,0,0,0,846.7473171,0,0,0,4483.496585,0,0,0,1294.487805
Taungoo,Yedashe,MMR007010,0,0,0,50896.21779,50896.21779,50896.21779,52,36,54,11,13,0,,,,5090,Not,52,36,54,11,13,,0,0,100,0.001241463,690.2536585,3654.868293,1055.243902,0,0,0,690.2536585,0,0,0,3654.868293,0,0,0,1055.243902
Pyay,Padaung,MMR008003,0,0,0,34364.17463,34364.17463,34364.17463,52,36,54,11,13,0,,,,3436,Not,52,36,54,11,13,,0,0,100,0.000838049,465.955122,2467.21561,712.3414634,0,0,0,465.955122,0,0,0,2467.21561,0,0,0,712.3414634
Pyay,Paukkhaung,MMR008002,0,0,0,29751.43459,29751.43459,29751.43459,52,36,54,11,13,0,,,,2975,Not,52,36,54,11,13,,0,0,100,0.00072561,403.4390244,2136.195122,616.7682927,0,0,0,403.4390244,0,0,0,2136.195122,0,0,0,616.7682927
Pyay,Paungde,MMR008004,0,0,0,32778.85799,32778.85799,32778.85799,52,36,54,11,13,0,,,,3278,Not,52,36,54,11,13,,0,0,100,0.000799512,444.5287805,2353.763902,679.5853659,0,0,0,444.5287805,0,0,0,2353.763902,0,0,0,679.5853659
Pyay,Pyay,MMR008001,0,0,0,59962.99941,59962.99941,59962.99941,52,36,54,11,13,0,,,,5996,Not,52,36,54,11,13,,0,0,100,0.001462439,813.1160976,4305.420488,1243.073171,0,0,0,813.1160976,0,0,0,4305.420488,0,0,0,1243.073171
Pyay,Shwedaung,MMR008006,0,0,0,28992.49374,28992.49374,28992.49374,52,36,54,11,13,0,,,,2899,Not,52,36,54,11,13,,0,0,100,0.000707073,393.1326829,2081.623415,601.0121951,0,0,0,393.1326829,0,0,0,2081.623415,0,0,0,601.0121951
Pyay,Thegon,MMR008005,0,0,0,31205.21737,31205.21737,31205.21737,52,36,54,11,13,0,,,,3121,Not,52,36,54,11,13,,0,0,100,0.00076122,423.2380488,2241.030244,647.0365854,0,0,0,423.2380488,0,0,0,2241.030244,0,0,0,647.0365854
Thayarwady,Gyobingauk,MMR008014,0,0,0,27982.63774,27982.63774,27982.63774,52,36,54,11,13,0,,,,2798,Not,52,36,54,11,13,,0,0,100,0.000682439,379.4360976,2009.100488,580.0731707,0,0,0,379.4360976,0,0,0,2009.100488,0,0,0,580.0731707
Thayarwady,Letpadan,MMR008008,0,0,0,42273.60124,42273.60124,42273.60124,52,36,54,11,13,0,,,,4227,Not,52,36,54,11,13,,0,0,100,0.001030976,573.222439,3035.192195,876.3292683,0,0,0,573.222439,0,0,0,3035.192195,0,0,0,876.3292683
Thayarwady,Minhla,MMR008009,0,0,0,29187.88824,29187.88824,29187.88824,52,36,54,11,13,0,,,,2919,Not,52,36,54,11,13,,0,0,100,0.000711951,395.844878,2095.98439,605.1585366,0,0,0,395.844878,0,0,0,2095.98439,0,0,0,605.1585366
Thayarwady,Monyo,MMR008013,0,0,0,30398.14275,30398.14275,30398.14275,52,36,54,11,13,0,,,,3040,Not,52,36,54,11,13,,0,0,100,0.000741463,412.2536585,2182.868293,630.2439024,0,0,0,412.2536585,0,0,0,2182.868293,0,0,0,630.2439024
Thayarwady,Nattalin,MMR008012,0,0,0,41018.78726,41018.78726,41018.78726,52,36,54,11,13,0,,,,4102,Not,52,36,54,11,13,,0,0,100,0.001000488,556.2712195,2945.436098,850.4146341,0,0,0,556.2712195,0,0,0,2945.436098,0,0,0,850.4146341
Thayarwady,Okpho,MMR008010,0,0,0,30181.77907,30181.77907,30181.77907,52,36,54,11,13,0,,,,3018,Not,52,36,54,11,13,,0,0,100,0.000736098,409.2702439,2167.07122,625.6829268,0,0,0,409.2702439,0,0,0,2167.07122,0,0,0,625.6829268
Thayarwady,Thayarwady,MMR008007,0,0,0,36005.96505,36005.96505,36005.96505,52,36,54,11,13,0,,,,3601,Not,52,36,54,11,13,,0,0,100,0.000878293,488.3307317,2585.693659,746.5487805,0,0,0,488.3307317,0,0,0,2585.693659,0,0,0,746.5487805
Thayarwady,Zigon,MMR008011,0,0,0,16089.78437,16089.78437,16089.78437,52,36,54,11,13,0,,,,1609,Not,52,36,54,11,13,,0,0,100,0.000392439,218.1960976,1155.340488,333.5731707,0,0,0,218.1960976,0,0,0,1155.340488,0,0,0,333.5731707
Falam,Falam,MMR004001,4310,0,0,26516.99548,30826.99548,26516.99548,52,36,54,11,13,4310,,,,7707,Not,52,36,54,11,13,,0,0,100,0.001879756,1045.14439,5534.001951,1597.792683,0,0,0,1045.14439,0,0,0,5534.001951,0,0,0,1597.792683
Falam,Tedim,MMR004004,0,0,0,52711.90501,52711.90501,52711.90501,52,36,54,11,13,0,,,,13178,Not,52,36,54,11,13,,0,0,100,0.003214146,1787.065366,9462.446829,2732.02439,0,0,0,1787.065366,0,0,0,9462.446829,0,0,0,2732.02439
Falam,Tonzang,MMR004005,0,0,0,19177.04379,19177.04379,19177.04379,52,36,54,11,13,0,,,,5000,Not,52,36,54,11,13,,0,0,100,0.001219512,678.0487805,3590.243902,1036.585366,0,0,0,678.0487805,0,0,0,3590.243902,0,0,0,1036.585366
Hakha,Hakha,MMR004002,255,0,0,28945.11891,29200.11891,28945.11891,52,36,54,11,13,255,,,,20000,Not,52,36,54,11,13,,0,0,100,0.004878049,2712.195122,14360.97561,4146.341463,0,0,0,2712.195122,0,0,0,14360.97561,0,0,0,4146.341463
Hakha,Thantlang,MMR004003,1394,0,0,29525.94384,30919.94384,29525.94384,52,36,54,11,13,1394,,,,7730,Not,52,36,54,11,13,,0,0,100,0.001885366,1048.263415,5550.517073,1602.560976,0,0,0,1048.263415,0,0,0,5550.517073,0,0,0,1602.560976
Matupi,Matupi,MMR004007,0,0,0,30891.53572,30891.53572,30891.53572,52,36,54,11,13,0,,,,7723,Not,52,36,54,11,13,,0,0,100,0.001883659,1047.314146,5545.490732,1601.109756,0,0,0,1047.314146,0,0,0,5545.490732,0,0,0,1601.109756
Matupi,Paletwa,MMR004009,9841,0,0,52893.48989,62734.48989,52893.48989,52,36,54,11,13,9841,,,,40000,Not,52,36,54,11,13,,0,0,100,0.009756098,5424.390244,28721.95122,8292.682927,0,0,0,5424.390244,0,0,0,28721.95122,0,0,0,8292.682927
Mindat,Kanpetlet,MMR004008,1202,0,0,12258.95971,13460.95971,12258.95971,52,36,54,11,13,1202,,,,5000,Not,52,36,54,11,13,,0,0,100,0.001219512,678.0487805,3590.243902,1036.585366,0,0,0,678.0487805,0,0,0,3590.243902,0,0,0,1036.585366
Mindat,Mindat,MMR004006,4820,0,0,22937.58303,27757.58303,22937.58303,52,36,54,11,13,4820,,,,20000,Not,52,36,54,11,13,,0,0,100,0.004878049,2712.195122,14360.97561,4146.341463,0,0,0,2712.195122,0,0,0,14360.97561,0,0,0,4146.341463
Bhamo,Bhamo,MMR001010,9577,1078.568957,0,36846.37172,47501.94068,37924.94068,52,36,54,11,13,9577,,,,11875,Not,52,36,54,11,13,,2.843956873,0,97.15604313,0.002896341,1610.365854,8526.829268,2461.890244,0,45.79811038,0,1564.567743,0,242.499347,0,8284.329921,0,70.0150968,0,2391.875147
Bhamo,Mansi,MMR001013,14244,0,0,12023.38159,26267.38159,12023.38159,52,36,54,11,13,14244,,,,6567,Yes,52,36,54,11,13,,15.79269914,0,84.20730086,0.001601707,890.5492683,4715.426341,1361.45122,0,140.6417667,0,749.9075016,0,744.6930955,0,3970.733246,0,215.0098951,0,1146.441324
Bhamo,Momauk,MMR001012,25099,1232.948351,0,10912.9863,37244.93466,12145.93466,52,36,54,11,13,25099,,,,9311,Yes,52,36,54,11,13,,10.15111958,0,89.84888042,0.002270976,1262.662439,6685.752195,1930.329268,0,128.1743741,0,1134.488065,0,678.6787001,0,6007.073495,0,195.9500323,0,1734.379236
Bhamo,Shwegu,MMR001011,3129,4324.974537,0,23060.93649,30514.91103,27385.91103,52,36,54,11,13,3129,,,,7629,Not,52,36,54,11,13,,0,0,100,0.001860732,1034.566829,5477.994146,1581.621951,0,0,0,1034.566829,0,0,0,5477.994146,0,0,0,1581.621951
Mohnyin,Hpakant,MMR001009,4359,100.280718,0,97466.93004,101926.2108,97567.21076,52,36,54,11,13,4359,,,,25482,Not,52,36,54,11,13,,0.16367521,0,99.83632479,0.006215122,3455.607805,18297.31902,5282.853659,0,5.655973326,0,3449.951832,0,29.94817531,0,18267.37085,0,8.646721811,0,5274.206937
Mohnyin,Mogaung,MMR001008,1632,105.4421004,0,38928.30348,40665.74558,39033.74558,52,36,54,11,13,1632,,,,10166,Not,52,36,54,11,13,,0.270130624,0,99.72986938,0.002479512,1378.60878,7299.683902,2107.585366,0,3.724044499,0,1374.884736,0,19.71868166,0,7279.965221,0,5.693233496,0,2101.892132
Mohnyin,Mohnyin,MMR001007,392,101.7702311,0,62076.38809,62570.15832,62178.15832,52,36,54,11,13,392,,,,15643,Not,52,36,54,11,13,,0.102781167,0,99.89721883,0.003815366,2121.343415,11232.43707,3243.060976,0,2.180341521,0,2119.163073,0,11.54482993,0,11220.89224,0,3.333255923,0,3239.72772
Myitkyina,Chipwi,MMR001005,2719,107.8867269,0,5142.916857,7969.803584,5250.803584,52,36,54,11,13,2719,,,,1992,Yes,52,36,54,11,13,,10.90640562,0,89.09359438,0.000485854,270.1346341,1430.353171,412.9756098,0,29.46197891,0,240.6726552,0,156.0001185,0,1274.353052,0,45.04079509,0,367.9348147
Myitkyina,Injangyang,MMR001003,566,38.43637276,0,328.6781097,933.1144825,367.1144825,52,36,54,11,13,566,,,,233,Yes,52,36,54,11,13,,63.34648634,0,36.65351366,5.68293E-05,31.59707317,167.3053659,48.30487805,0,20.01563564,0,11.58143753,0,105.9820707,0,61.32329512,0,30.59944298,0,17.70543507
Myitkyina,Myitkyina,MMR001001,11726,57924.03051,0,33515.97485,103166.0054,91440.00536,52,36,54,11,13,11726,,,,25792,Not,52,36,54,11,13,,2.054670779,0,97.94532922,0.006290732,3497.646829,18519.91415,5347.121951,0,71.86512737,0,3425.781702,0,380.5232643,0,18139.39088,0,109.8657523,0,5237.256199
Myitkyina,Tanai,MMR001004,1257,187.9001442,0,17343.14788,18788.04803,17531.04803,52,36,54,11,13,1257,,,,4697,Not,52,36,54,11,13,,1.071813527,0,98.92818647,0.00114561,636.9590244,3372.675122,973.7682927,0,6.827012986,0,630.1320114,0,36.14878818,0,3336.526334,0,10.43698028,0,963.3313124
Myitkyina,Tsawlaw,MMR001006,0,211.5426743,0,1728.075947,1939.618622,1939.618622,52,36,54,11,13,0,,,,0,Not,52,36,54,11,13,,0,0,100,0,0,0,0,0,0,0,0,0,0,0,0,0,0,0,0
Myitkyina,Waingmaw,MMR001002,26801,0,0,30337.37093,57138.37093,30337.37093,52,36,54,11,13,26801,,,,14285,Yes,52,36,54,11,13,,10.46986011,0,89.53013989,0.003484146,1937.185366,10257.32683,2961.52439,0,202.8205979,0,1734.364768,0,1073.92777,0,9183.399059,0,310.0674608,0,2651.456929
Puta-O,Khaunglanhpu,MMR001018,0,45.66848183,0,3422.612438,3468.28092,3468.28092,52,36,54,11,13,0,,,,867,Not,52,36,54,11,13,,0,0,100,0.000211463,117.5736585,622.5482927,179.7439024,0,0,0,117.5736585,0,0,0,622.5482927,0,0,0,179.7439024
Puta-O,Machanbaw,MMR001016,0,0,0,2635.953015,2635.953015,2635.953015,52,36,54,11,13,0,,,,659,Not,52,36,54,11,13,,0,0,100,0.000160732,89.36682927,473.1941463,136.6219512,0,0,0,89.36682927,0,0,0,473.1941463,0,0,0,136.6219512
Puta-O,Nawngmun,MMR001017,0,0,0,2119.653796,2119.653796,2119.653796,52,36,54,11,13,0,,,,0,Not,52,36,54,11,13,,0,0,100,0,0,0,0,0,0,0,0,0,0,0,0,0,0,0,0
Puta-O,Puta-O,MMR001014,498,0,0,18044.14924,18542.14924,18044.14924,52,36,54,11,13,498,,,,4636,Not,52,36,54,11,13,,1.31674691,0,98.68325309,0.001130732,628.6868293,3328.874146,961.1219512,0,8.278214395,0,620.4086149,0,43.83284744,0,3285.041299,0,12.65554359,0,948.4664076
Puta-O,Sumprabum,MMR001015,1203,0,0,442.4496261,1645.449626,442.4496261,52,36,54,11,13,1203,,,,411,Yes,52,36,54,11,13,,0,0,100,0.000100244,55.73560976,295.1180488,85.20731707,0,0,0,55.73560976,0,0,0,295.1180488,0,0,0,85.20731707
Bawlake,Bawlake,MMR002005,0,0,0,4843.612997,4843.612997,4843.612997,52,36,54,11,13,0,,,,1000,Not,52,36,54,11,13,,0,0,100,0.000243902,135.6097561,718.0487805,207.3170732,0,0,0,135.6097561,0,0,0,718.0487805,0,0,0,207.3170732
Bawlake,Hpasawng,MMR002006,120,0,0,11228.14605,11348.14605,11228.14605,52,36,54,11,13,120,,,,8000,Not,52,36,54,11,13,,0,0,100,0.00195122,1084.878049,5744.390244,1658.536585,0,0,0,1084.878049,0,0,0,5744.390244,0,0,0,1658.536585
Bawlake,Mese,MMR002007,320,0,0,2661.527665,2981.527665,2661.527665,52,36,54,11,13,320,,,,900,Not,52,36,54,11,13,,0,0,100,0.000219512,122.0487805,646.2439024,186.5853659,0,0,0,122.0487805,0,0,0,646.2439024,0,0,0,186.5853659
Loikaw,Demoso,MMR002002,52003,0,0,15073.99714,67076.99714,15073.99714,52,36,54,11,13,52003,,,,25000,Yes,52,36,54,11,13,,0,0,100,0.006097561,3390.243902,17951.21951,5182.926829,0,0,0,3390.243902,0,0,0,17951.21951,0,0,0,5182.926829
Loikaw,Hpruso,MMR002003,6572,0,0,10434.98107,17006.98107,10434.98107,52,36,54,11,13,6572,,,,4000,Yes,52,36,54,11,13,,0,0,100,0.00097561,542.4390244,2872.195122,829.2682927,0,0,0,542.4390244,0,0,0,2872.195122,0,0,0,829.2682927
Loikaw,Loikaw,MMR002001,21208,0,0,48478.93283,69686.93283,48478.93283,52,36,54,11,13,21208,,,,25000,Not,52,36,54,11,13,,0,0,100,0.006097561,3390.243902,17951.21951,5182.926829,0,0,0,3390.243902,0,0,0,17951.21951,0,0,0,5182.926829
Loikaw,Shadaw,MMR002004,0,0,0,2969.774357,2969.774357,2969.774357,52,36,54,11,13,0,,,,500,Not,52,36,54,11,13,,0,0,100,0.000121951,67.80487805,359.0243902,103.6585366,0,0,0,67.80487805,0,0,0,359.0243902,0,0,0,103.6585366
Hpa-An,Hlaingbwe,MMR003002,8228,0,0,82436.21165,90664.21165,82436.21165,52,36,54,11,13,8228,,,,15000,Not,52,36,54,11,13,,0,0,100,0.003658537,2034.146341,10770.73171,3109.756098,0,0,0,2034.146341,0,0,0,10770.73171,0,0,0,3109.756098
Hpa-An,Hpa-An,MMR003001,151,0,0,134679.7115,134830.7115,134679.7115,52,36,54,11,13,151,,,,15000,Not,52,36,54,11,13,,0,0,100,0.003658537,2034.146341,10770.73171,3109.756098,0,0,0,2034.146341,0,0,0,10770.73171,0,0,0,3109.756098
Hpa-An,Thandaunggyi,MMR003004,2902,0,0,29802.31833,32704.31833,29802.31833,52,36,54,11,13,2902,,,,7000,Not,52,36,54,11,13,,0,0,100,0.001707317,949.2682927,5026.341463,1451.219512,0,0,0,949.2682927,0,0,0,5026.341463,0,0,0,1451.219512
Hpapun,Hpapun,MMR003003,47843,0,0,-3523.239541,44319.76046,-3523.239541,52,36,54,11,13,47843,,,,44320,Yes,52,36,54,11,13,,0,0,100,0.010809756,6010.22439,31823.92195,9188.292683,0,0,0,6010.22439,0,0,0,31823.92195,0,0,0,9188.292683
Kawkareik,Kawkareik,MMR003006,0,0,0,70416.52054,70416.52054,70416.52054,52,36,54,11,13,0,,,,5000,Not,52,36,54,11,13,,0,0,100,0.001219512,678.0487805,3590.243902,1036.585366,0,0,0,678.0487805,0,0,0,3590.243902,0,0,0,1036.585366
Kawkareik,Kyainseikgyi,MMR003007,0,0,0,81444.20875,81444.20875,81444.20875,52,36,54,11,13,0,,,,5000,Not,52,36,54,11,13,,0,0,100,0.001219512,678.0487805,3590.243902,1036.585366,0,0,0,678.0487805,0,0,0,3590.243902,0,0,0,1036.585366
Myawaddy,Myawaddy,MMR003005,100,0,0,67253.2141,67353.2141,67253.2141,52,36,54,11,13,100,,,,5000,Not,52,36,54,11,13,,0,0,100,0.001219512,678.0487805,3590.243902,1036.585366,0,0,0,678.0487805,0,0,0,3590.243902,0,0,0,1036.585366
Gangaw,Gangaw,MMR009023,6250,0,0,26517.48835,32767.48835,26517.48835,52,36,54,11,13,6250,,,,3277,Yes,52,36,54,11,13,,0,0,100,0.000799268,444.3931707,2353.045854,679.3780488,0,0,0,444.3931707,0,0,0,2353.045854,0,0,0,679.3780488
Gangaw,Saw,MMR009025,4904,0,0,13313.0589,18217.0589,13313.0589,52,36,54,11,13,4904,,,,1822,Yes,52,36,54,11,13,,0,0,100,0.00044439,247.0809756,1308.284878,377.7317073,0,0,0,247.0809756,0,0,0,1308.284878,0,0,0,377.7317073
Gangaw,Tilin,MMR009024,0,0,0,10202.48479,10202.48479,10202.48479,52,36,54,11,13,0,,,,1020,Not,52,36,54,11,13,,0,0,100,0.00024878,138.3219512,732.4097561,211.4634146,0,0,0,138.3219512,0,0,0,732.4097561,0,0,0,211.4634146
Magway,Chauk,MMR009003,0,0,0,38664.67393,38664.67393,38664.67393,52,36,54,11,13,0,,,,3866,Not,52,36,54,11,13,,0,0,100,0.000942927,524.2673171,2775.976585,801.4878049,0,0,0,524.2673171,0,0,0,2775.976585,0,0,0,801.4878049
Magway,Magway,MMR009001,0,0,0,60390.41704,60390.41704,60390.41704,52,36,54,11,13,0,,,,6039,Not,52,36,54,11,13,,0,0,100,0.001472927,818.9473171,4336.296585,1251.987805,0,0,0,818.9473171,0,0,0,4336.296585,0,0,0,1251.987805
Magway,Myothit,MMR009005,0,0,0,33303.49429,33303.49429,33303.49429,52,36,54,11,13,0,,,,3330,Not,52,36,54,11,13,,0,0,100,0.000812195,451.5804878,2391.102439,690.3658537,0,0,0,451.5804878,0,0,0,2391.102439,0,0,0,690.3658537
Magway,Natmauk,MMR009006,0,0,0,43217.64708,43217.64708,43217.64708,52,36,54,11,13,0,,,,4322,Not,52,36,54,11,13,,0,0,100,0.001054146,586.1053659,3103.406829,896.0243902,0,0,0,586.1053659,0,0,0,3103.406829,0,0,0,896.0243902
Magway,Taungdwingyi,MMR009004,0,0,0,54254.85406,54254.85406,54254.85406,52,36,54,11,13,0,,,,5425,Not,52,36,54,11,13,,0,0,100,0.001323171,735.6829268,3895.414634,1124.695122,0,0,0,735.6829268,0,0,0,3895.414634,0,0,0,1124.695122
Magway,Yenangyaung,MMR009002,0,0,0,28024.57591,28024.57591,28024.57591,52,36,54,11,13,0,,,,2802,Not,52,36,54,11,13,,0,0,100,0.000683415,379.9785366,2011.972683,580.902439,0,0,0,379.9785366,0,0,0,2011.972683,0,0,0,580.902439
Minbu,Minbu,MMR009007,0,0,0,39289.56725,39289.56725,39289.56725,52,36,54,11,13,0,,,,3929,Not,52,36,54,11,13,,0,0,100,0.000958293,532.8107317,2821.213659,814.5487805,0,0,0,532.8107317,0,0,0,2821.213659,0,0,0,814.5487805
Minbu,Ngape,MMR009009,0,0,0,10886.46425,10886.46425,10886.46425,52,36,54,11,13,0,,,,1089,Not,52,36,54,11,13,,0,0,100,0.00026561,147.6790244,781.955122,225.7682927,0,0,0,147.6790244,0,0,0,781.955122,0,0,0,225.7682927
Minbu,Pwintbyu,MMR009008,0,0,0,34176.42412,34176.42412,34176.42412,52,36,54,11,13,0,,,,3418,Not,52,36,54,11,13,,0,0,100,0.000833659,463.5141463,2454.290732,708.6097561,0,0,0,463.5141463,0,0,0,2454.290732,0,0,0,708.6097561
Minbu,Salin,MMR009010,0,0,0,49280.13533,49280.13533,49280.13533,52,36,54,11,13,0,,,,4928,Not,52,36,54,11,13,,0,0,100,0.001201951,668.284878,3538.54439,1021.658537,0,0,0,668.284878,0,0,0,3538.54439,0,0,0,1021.658537
Minbu,Sidoktaya,MMR009011,0,0,0,9922.712976,9922.712976,9922.712976,52,36,54,11,13,0,,,,992,Not,52,36,54,11,13,,0,0,100,0.000241951,134.524878,712.3043902,205.6585366,0,0,0,134.524878,0,0,0,712.3043902,0,0,0,205.6585366
Pakokku,Myaing,MMR009020,0,0,0,47137.5843,47137.5843,47137.5843,52,36,54,11,13,0,,,,4714,Not,52,36,54,11,13,,0,0,100,0.001149756,639.2643902,3384.881951,977.2926829,0,0,0,639.2643902,0,0,0,3384.881951,0,0,0,977.2926829
Pakokku,Pakokku,MMR009018,0,0,0,60576.6532,60576.6532,60576.6532,52,36,54,11,13,0,,,,6058,Not,52,36,54,11,13,,0,0,100,0.001477561,821.5239024,4349.939512,1255.926829,0,0,0,821.5239024,0,0,0,4349.939512,0,0,0,1255.926829
Pakokku,Pauk,MMR009021,0,0,0,35809.5399,35809.5399,35809.5399,52,36,54,11,13,0,,,,3581,Not,52,36,54,11,13,,0,0,100,0.000873415,485.6185366,2571.332683,742.402439,0,0,0,485.6185366,0,0,0,2571.332683,0,0,0,742.402439
Pakokku,Seikphyu,MMR009022,0,0,0,21456.61932,21456.61932,21456.61932,52,36,54,11,13,0,,,,2146,Not,52,36,54,11,13,,0,0,100,0.000523415,291.0185366,1540.932683,444.902439,0,0,0,291.0185366,0,0,0,1540.932683,0,0,0,444.902439
Pakokku,Yesagyo,MMR009019,0,0,0,44962.25403,44962.25403,44962.25403,52,36,54,11,13,0,,,,4496,Not,52,36,54,11,13,,0,0,100,0.001096585,609.7014634,3228.347317,932.097561,0,0,0,609.7014634,0,0,0,3228.347317,0,0,0,932.097561
Thayet,Aunglan,MMR009016,0,0,0,49110.81075,49110.81075,49110.81075,52,36,54,11,13,0,,,,4911,Not,52,36,54,11,13,,0,0,100,0.001197805,665.9795122,3526.337561,1018.134146,0,0,0,665.9795122,0,0,0,3526.337561,0,0,0,1018.134146
Thayet,Kamma,MMR009015,0,0,0,15699.58343,15699.58343,15699.58343,52,36,54,11,13,0,,,,1570,Not,52,36,54,11,13,,0,0,100,0.000382927,212.9073171,1127.336585,325.4878049,0,0,0,212.9073171,0,0,0,1127.336585,0,0,0,325.4878049
Thayet,Mindon,MMR009014,0,0,0,12392.84758,12392.84758,12392.84758,52,36,54,11,13,0,,,,1239,Not,52,36,54,11,13,,0,0,100,0.000302195,168.0204878,889.662439,256.8658537,0,0,0,168.0204878,0,0,0,889.662439,0,0,0,256.8658537
Thayet,Minhla,MMR009013,0,0,0,30499.72135,30499.72135,30499.72135,52,36,54,11,13,0,,,,3050,Not,52,36,54,11,13,,0,0,100,0.000743902,413.6097561,2190.04878,632.3170732,0,0,0,413.6097561,0,0,0,2190.04878,0,0,0,632.3170732
Thayet,Sinbaungwe,MMR009017,0,0,0,24604.05227,24604.05227,24604.05227,52,36,54,11,13,0,,,,2460,Not,52,36,54,11,13,,0,0,100,0.0006,333.6,1766.4,510,0,0,0,333.6,0,0,0,1766.4,0,0,0,510
Thayet,Thayet,MMR009012,0,0,0,21786.08195,21786.08195,21786.08195,52,36,54,11,13,0,,,,2179,Not,52,36,54,11,13,,0,0,100,0.000531463,295.4936585,1564.628293,451.7439024,0,0,0,295.4936585,0,0,0,1564.628293,0,0,0,451.7439024
Kyaukse,Kyaukse,MMR010013,0,0,0,32415.70291,32415.70291,32415.70291,52,36,54,11,13,0,,,,3242,Not,52,36,54,11,13,,0,0,100,0.000790732,439.6468293,2327.914146,672.1219512,0,0,0,439.6468293,0,0,0,2327.914146,0,0,0,672.1219512
Kyaukse,Myittha,MMR010015,0,0,0,24588.13272,24588.13272,24588.13272,52,36,54,11,13,0,,,,2459,Not,52,36,54,11,13,,0,0,100,0.000599756,333.4643902,1765.681951,509.7926829,0,0,0,333.4643902,0,0,0,1765.681951,0,0,0,509.7926829
Kyaukse,Sintgaing,MMR010014,0,0,0,18717.14085,18717.14085,18717.14085,52,36,54,11,13,0,,,,1872,Not,52,36,54,11,13,,0,0,100,0.000456585,253.8614634,1344.187317,388.097561,0,0,0,253.8614634,0,0,0,1344.187317,0,0,0,388.097561
Kyaukse,Tada-U,MMR010016,0,0,0,17422.43324,17422.43324,17422.43324,52,36,54,11,13,0,,,,1742,Not,52,36,54,11,13,,0,0,100,0.000424878,236.2321951,1250.840976,361.1463415,0,0,0,236.2321951,0,0,0,1250.840976,0,0,0,361.1463415
Mandalay,Amarapura,MMR010006,0,0,0,29865.6279,29865.6279,29865.6279,52,36,54,11,13,0,,,,2987,Not,52,36,54,11,13,,0,0,100,0.000728537,405.0663415,2144.811707,619.2560976,0,0,0,405.0663415,0,0,0,2144.811707,0,0,0,619.2560976
Mandalay,Aungmyaythazan,MMR010001,0,0,0,33405.11542,33405.11542,33405.11542,52,36,54,11,13,0,,,,3341,Not,52,36,54,11,13,,0,0,100,0.000814878,453.0721951,2399.000976,692.6463415,0,0,0,453.0721951,0,0,0,2399.000976,0,0,0,692.6463415
Mandalay,Chanayethazan,MMR010002,0,0,0,24782.44569,24782.44569,24782.44569,52,36,54,11,13,0,,,,2478,Not,52,36,54,11,13,,0,0,100,0.00060439,336.0409756,1779.324878,513.7317073,0,0,0,336.0409756,0,0,0,1779.324878,0,0,0,513.7317073
Mandalay,Chanmyathazi,MMR010004,0,0,0,35667.74297,35667.74297,35667.74297,52,36,54,11,13,0,,,,3567,Not,52,36,54,11,13,,0,0,100,0.00087,483.72,2561.28,739.5,0,0,0,483.72,0,0,0,2561.28,0,0,0,739.5
Mandalay,Mahaaungmyay,MMR010003,0,0,0,30304.90594,30304.90594,30304.90594,52,36,54,11,13,0,,,,3030,Not,52,36,54,11,13,,0,0,100,0.000739024,410.897561,2175.687805,628.1707317,0,0,0,410.897561,0,0,0,2175.687805,0,0,0,628.1707317
Mandalay,Patheingyi,MMR010007,0,0,0,33146.95316,33146.95316,33146.95316,52,36,54,11,13,0,,,,3315,Not,52,36,54,11,13,,0,0,100,0.000808537,449.5463415,2380.331707,687.2560976,0,0,0,449.5463415,0,0,0,2380.331707,0,0,0,687.2560976
Mandalay,Pyigyitagon,MMR010005,0,0,0,29875.6829,29875.6829,29875.6829,52,36,54,11,13,0,,,,2988,Not,52,36,54,11,13,,0,0,100,0.00072878,405.2019512,2145.529756,619.4634146,0,0,0,405.2019512,0,0,0,2145.529756,0,0,0,619.4634146
Meiktila,Mahlaing,MMR010029,0,0,0,17524.24017,17524.24017,17524.24017,52,36,54,11,13,0,,,,1752,Not,52,36,54,11,13,,0,0,100,0.000427317,237.5882927,1258.021463,363.2195122,0,0,0,237.5882927,0,0,0,1258.021463,0,0,0,363.2195122
Meiktila,Meiktila,MMR010028,0,0,0,38920.78854,38920.78854,38920.78854,52,36,54,11,13,0,,,,3892,Not,52,36,54,11,13,,0,0,100,0.000949268,527.7931707,2794.645854,806.8780488,0,0,0,527.7931707,0,0,0,2794.645854,0,0,0,806.8780488
Meiktila,Thazi,MMR010030,0,0,0,25474.35574,25474.35574,25474.35574,52,36,54,11,13,0,,,,2547,Not,52,36,54,11,13,,0,0,100,0.00062122,345.3980488,1828.870244,528.0365854,0,0,0,345.3980488,0,0,0,1828.870244,0,0,0,528.0365854
Meiktila,Wundwin,MMR010031,0,0,0,28877.97501,28877.97501,28877.97501,52,36,54,11,13,0,,,,2888,Not,52,36,54,11,13,,0,0,100,0.00070439,391.6409756,2073.724878,598.7317073,0,0,0,391.6409756,0,0,0,2073.724878,0,0,0,598.7317073
Myingyan,Myingyan,MMR010017,0,0,0,34701.83403,34701.83403,34701.83403,52,36,54,11,13,0,,,,3470,Not,52,36,54,11,13,,0,0,100,0.000846341,470.5658537,2491.629268,719.3902439,0,0,0,470.5658537,0,0,0,2491.629268,0,0,0,719.3902439
Myingyan,Natogyi,MMR010019,0,0,0,22256.50269,22256.50269,22256.50269,52,36,54,11,13,0,,,,2226,Not,52,36,54,11,13,,0,0,100,0.000542927,301.8673171,1598.376585,461.4878049,0,0,0,301.8673171,0,0,0,1598.376585,0,0,0,461.4878049
Myingyan,Ngazun,MMR010021,0,0,0,15614.5433,15614.5433,15614.5433,52,36,54,11,13,0,,,,1561,Not,52,36,54,11,13,,0,0,100,0.000380732,211.6868293,1120.874146,323.6219512,0,0,0,211.6868293,0,0,0,1120.874146,0,0,0,323.6219512
Myingyan,Taungtha,MMR010018,0,0,0,27229.20553,27229.20553,27229.20553,52,36,54,11,13,0,,,,2723,Not,52,36,54,11,13,,0,0,100,0.000664146,369.2653659,1955.246829,564.5243902,0,0,0,369.2653659,0,0,0,1955.246829,0,0,0,564.5243902
Nyaung-U,Kyaukpadaung,MMR010020,0,0,0,32918.57886,32918.57886,32918.57886,52,36,54,11,13,0,,,,3292,Not,52,36,54,11,13,,0,0,100,0.000802927,446.4273171,2363.816585,682.4878049,0,0,0,446.4273171,0,0,0,2363.816585,0,0,0,682.4878049
Nyaung-U,Nyaung-U,MMR010022,0,0,0,30158.35424,30158.35424,30158.35424,52,36,54,11,13,0,,,,3016,Not,52,36,54,11,13,,0,0,100,0.00073561,408.9990244,2165.635122,625.2682927,0,0,0,408.9990244,0,0,0,2165.635122,0,0,0,625.2682927
Pyinoolwin,Madaya,MMR010009,0,0,0,32427.51754,32427.51754,32427.51754,52,36,54,11,13,0,,,,3243,Not,52,36,54,11,13,,0,0,100,0.000790976,439.782439,2328.632195,672.3292683,0,0,0,439.782439,0,0,0,2328.632195,0,0,0,672.3292683
Pyinoolwin,Mogoke,MMR010011,0,0,0,21008.55086,21008.55086,21008.55086,52,36,54,11,13,0,,,,2101,Not,52,36,54,11,13,,0,0,100,0.000512439,284.9160976,1508.620488,435.5731707,0,0,0,284.9160976,0,0,0,1508.620488,0,0,0,435.5731707
Pyinoolwin,Pyinoolwin,MMR010008,0,0,0,32114.17844,32114.17844,32114.17844,52,36,54,11,13,0,,,,3211,Not,52,36,54,11,13,,0,0,100,0.000783171,435.4429268,2305.654634,665.695122,0,0,0,435.4429268,0,0,0,2305.654634,0,0,0,665.695122
Pyinoolwin,Singu,MMR010010,0,0,0,19806.47498,19806.47498,19806.47498,52,36,54,11,13,0,,,,1981,Not,52,36,54,11,13,,0,0,100,0.000483171,268.6429268,1422.454634,410.695122,0,0,0,268.6429268,0,0,0,1422.454634,0,0,0,410.695122
Pyinoolwin,Thabeikkyin,MMR010012,0,0,0,20575.30582,20575.30582,20575.30582,52,36,54,11,13,0,,,,2058,Not,52,36,54,11,13,,0,0,100,0.000501951,279.084878,1477.74439,426.6585366,0,0,0,279.084878,0,0,0,1477.74439,0,0,0,426.6585366
Yamethin,Pyawbwe,MMR010024,0,0,0,32715.59344,32715.59344,32715.59344,52,36,54,11,13,0,,,,3272,Not,52,36,54,11,13,,0,0,100,0.000798049,443.715122,2349.45561,678.3414634,0,0,0,443.715122,0,0,0,2349.45561,0,0,0,678.3414634
Yamethin,Yamethin,MMR010023,0,0,0,32438.82942,32438.82942,32438.82942,52,36,54,11,13,0,,,,3244,Not,52,36,54,11,13,,0,0,100,0.00079122,439.9180488,2329.350244,672.5365854,0,0,0,439.9180488,0,0,0,2329.350244,0,0,0,672.5365854
Mawlamyine,Chaungzon,MMR011003,0,0,0,12000,12000,12000,52,36,54,11,13,0,,,,0,Not,52,36,54,11,13,,0,0,100,0,0,0,0,0,0,0,0,0,0,0,0,0,0,0,0
Mawlamyine,Kyaikmaraw,MMR011002,0,0,0,24000,24000,24000,52,36,54,11,13,0,,,,0,Not,52,36,54,11,13,,0,0,100,0,0,0,0,0,0,0,0,0,0,0,0,0,0,0,0
Mawlamyine,Mawlamyine,MMR011001,0,0,0,44000,44000,44000,52,36,54,11,13,0,,,,0,Not,52,36,54,11,13,,0,0,100,0,0,0,0,0,0,0,0,0,0,0,0,0,0,0,0
Mawlamyine,Mudon,MMR011005,0,0,0,27000,27000,27000,52,36,54,11,13,0,,,,0,Not,52,36,54,11,13,,0,0,100,0,0,0,0,0,0,0,0,0,0,0,0,0,0,0,0
Mawlamyine,Thanbyuzayat,MMR011004,0,0,0,23000,23000,23000,52,36,54,11,13,0,,,,0,Not,52,36,54,11,13,,0,0,100,0,0,0,0,0,0,0,0,0,0,0,0,0,0,0,0
Mawlamyine,Ye,MMR011006,0,0,0,61436.53538,61436.53538,61436.53538,52,36,54,11,13,0,,,,10000,Not,52,36,54,11,13,,0,0,100,0.002439024,1356.097561,7180.487805,2073.170732,0,0,0,1356.097561,0,0,0,7180.487805,0,0,0,2073.170732
Thaton,Bilin,MMR011010,1095,0,0,41933.8259,43028.8259,41933.8259,52,36,54,11,13,1095,,,,5000,Not,52,36,54,11,13,,0,0,100,0.001219512,678.0487805,3590.243902,1036.585366,0,0,0,678.0487805,0,0,0,3590.243902,0,0,0,1036.585366
Thaton,Kyaikto,MMR011009,0,0,0,43004.45614,43004.45614,43004.45614,52,36,54,11,13,0,,,,10000,Not,52,36,54,11,13,,0,0,100,0.002439024,1356.097561,7180.487805,2073.170732,0,0,0,1356.097561,0,0,0,7180.487805,0,0,0,2073.170732
Thaton,Paung,MMR011008,0,0,0,34004,34004,34004,52,36,54,11,13,0,,,,0,Not,52,36,54,11,13,,0,0,100,0,0,0,0,0,0,0,0,0,0,0,0,0,0,0,0
Thaton,Thaton,MMR011007,0,0,0,55489.66594,55489.66594,55489.66594,52,36,54,11,13,0,,,,10000,Not,52,36,54,11,13,,0,0,100,0.002439024,1356.097561,7180.487805,2073.170732,0,0,0,1356.097561,0,0,0,7180.487805,0,0,0,2073.170732
Det Khi Na,Det Khi Na Thi Ri,MMR018004,0,0,0,0,,0,,,,,,0,,,,,Not,,,,,,,0,0,100,0,0,0,0,0,0,0,0,0,0,0,0,0,0,0,0
Det Khi Na,Lewe,MMR018007,0,0,0,0,,0,,,,,,0,,,,,Not,,,,,,,0,0,100,0,0,0,0,0,0,0,0,0,0,0,0,0,0,0,0
Det Khi Na,Pyinmana,MMR018006,0,0,0,0,,0,,,,,,0,,,,,Not,,,,,,,0,0,100,0,0,0,0,0,0,0,0,0,0,0,0,0,0,0,0
Det Khi Na,Za Bu Thi Ri,MMR018002,0,0,0,0,,0,,,,,,0,,,,,Not,,,,,,,0,0,100,0,0,0,0,0,0,0,0,0,0,0,0,0,0,0,0
Oke Ta Ra,Oke Ta Ra Thi Ri,MMR018008,0,0,0,0,,0,,,,,,0,,,,,Not,,,,,,,0,0,100,0,0,0,0,0,0,0,0,0,0,0,0,0,0,0,0
Oke Ta Ra,Poke Ba Thi Ri,MMR018005,0,0,0,0,,0,,,,,,0,,,,,Not,,,,,,,0,0,100,0,0,0,0,0,0,0,0,0,0,0,0,0,0,0,0
Oke Ta Ra,Tatkon,MMR018003,0,0,0,0,,0,,,,,,0,,,,,Not,,,,,,,0,0,100,0,0,0,0,0,0,0,0,0,0,0,0,0,0,0,0
Oke Ta Ra,Zay Yar Thi Ri,MMR018001,0,0,0,0,,0,,,,,,0,,,,,Not,,,,,,,0,0,100,0,0,0,0,0,0,0,0,0,0,0,0,0,0,0,0
Kyaukpyu,Ann,MMR012014,3984,0,0,47978.54245,51962.54245,47978.54245,52,36,54,11,13,3984,,,,1000,Yes,52,36,54,11,13,,0,0,100,0.000243902,135.6097561,718.0487805,207.3170732,0,0,0,135.6097561,0,0,0,718.0487805,0,0,0,207.3170732
Kyaukpyu,Kyaukpyu,MMR012011,1001,0,0,45999,47000,45999,52,36,54,11,13,1001,,,,0,Yes,52,36,54,11,13,,0,0,100,0,0,0,0,0,0,0,0,0,0,0,0,0,0,0,0
Kyaukpyu,Munaung,MMR012012,0,0,0,14000,14000,14000,52,36,54,11,13,0,,,,0,Not,52,36,54,11,13,,0,0,100,0,0,0,0,0,0,0,0,0,0,0,0,0,0,0,0
Kyaukpyu,Ramree,MMR012013,0,0,0,26000,26000,26000,52,36,54,11,13,0,,,,0,Not,52,36,54,11,13,,0,0,100,0,0,0,0,0,0,0,0,0,0,0,0,0,0,0,0
Maungdaw,Buthidaung,MMR012010,7030,0,15260.83045,4927.692901,27218.52335,20188.52335,52,36,54,11,13,7030,,,,25000,Not,52,36,54,11,13,,0.545967553,84.07900318,15.37502927,0.006097561,3390.243902,17951.21951,5182.926829,0,18.50963168,2850.483279,521.2509922,0,98.00783393,15093.20642,2760.005254,0,28.29709879,4357.753214,796.8765169
Maungdaw,Maungdaw,MMR012009,0,92.20618358,14199.75227,2596.624585,16888.58304,16888.58304,52,36,54,11,13,0,,,,16889,Not,52,36,54,11,13,,0,75.59161304,24.40838696,0.004119268,2290.313171,12127.12585,3501.378049,0,0,1731.284669,559.0285012,0,0,9167.090049,2960.035805,0,0,2646.748146,854.629903
Mrauk-U,Kyauktaw,MMR012004,15095,0,14310.82829,51329.82131,80735.6496,65640.6496,52,36,54,11,13,15095,,,,40000,Not,52,36,54,11,13,,0,40.76022186,59.23977814,0.009756098,5424.390244,28721.95122,8292.682927,0,0,2210.993498,3213.396746,0,0,11707.13104,17014.82018,0,0,3380.115959,4912.566968
Mrauk-U,Minbya,MMR012005,2922,0,28083.06681,40815.15192,71820.21873,68898.21873,52,36,54,11,13,2922,,,,50000,Not,52,36,54,11,13,,0,24.97922532,75.02077468,0.012195122,6780.487805,35902.43902,10365.85366,0,0,1693.713327,5086.774478,0,0,8968.15114,26934.28788,0,0,2589.309942,7776.543717
Mrauk-U,Mrauk-U,MMR012003,22743,0,17342.15837,52084.16748,92169.32585,69426.32585,52,36,54,11,13,22743,,,,50000,Not,52,36,54,11,13,,0,21.80177737,78.19822263,0.012195122,6780.487805,35902.43902,10365.85366,0,0,1478.266856,5302.220949,0,0,7827.369828,28075.0692,0,0,2259.940338,8105.913321
Mrauk-U,Myebon,MMR012006,6579,0,0,29421,36000,29421,52,36,54,11,13,6579,,,,0,Yes,52,36,54,11,13,,0,0,100,0,0,0,0,0,0,0,0,0,0,0,0,0,0,0,0
Sittwe,Pauktaw,MMR012007,24429,0,20423.70647,5147.293533,50000,25571,52,36,54,11,13,24429,,,,0,Yes,52,36,54,11,13,,0,18.45949147,81.54050853,0,0,0,0,0,0,0,0,0,0,0,0,0,0,0,0
Sittwe,Ponnagyun,MMR012002,2889,0,905.5801936,33205.41981,37000,34111,52,36,54,11,13,2889,,,,0,Yes,52,36,54,11,13,,0,2.654804004,97.345196,0,0,0,0,0,0,0,0,0,0,0,0,0,0,0,0
Sittwe,Rathedaung,MMR012008,19553,0,7115.377229,31430.52335,58098.90058,38545.90058,52,36,54,11,13,19553,,,,10000,Yes,52,36,54,11,13,,2.298221476,15.32147651,82.38030202,0.002439024,1356.097561,7180.487805,2073.170732,0,31.16612538,207.7741692,1117.157266,0,165.0235128,1100.156752,5915.30754,0,47.64605499,317.6403666,1707.88431
Sittwe,Sittwe,MMR012001,112456,373.7095533,2491.397022,13395.70889,128716.8155,16260.81547,52,36,54,11,13,112456,,,,80000,Yes,52,36,54,11,13,,0,79.87058178,20.12941822,0.019512195,10848.78049,57443.90244,16585.36585,0,0,8664.984092,2183.796396,0,0,45880.77908,11563.12336,0,0,13246.8282,3338.537656
Thandwe,Gwa,MMR012017,0,0,0,12000,12000,12000,52,36,54,11,13,0,,,,0,Not,52,36,54,11,13,,0,0,100,0,0,0,0,0,0,0,0,0,0,0,0,0,0,0,0
Thandwe,Thandwe,MMR012015,0,0,0,36000,36000,36000,52,36,54,11,13,0,,,,0,Not,52,36,54,11,13,,0,0,100,0,0,0,0,0,0,0,0,0,0,0,0,0,0,0,0
Thandwe,Toungup,MMR012016,0,0,0,44000,44000,44000,52,36,54,11,13,0,,,,0,Not,52,36,54,11,13,,0,0,100,0,0,0,0,0,0,0,0,0,0,0,0,0,0,0,0
Hkamti,Hkamti,MMR005033,0,0,0,7653.071188,7653.071188,7653.071188,52,36,54,11,13,0,,,,765,Not,52,36,54,11,13,,0,0,100,0.000186585,103.7414634,549.3073171,158.597561,0,0,0,103.7414634,0,0,0,549.3073171,0,0,0,158.597561
Hkamti,Homalin,MMR005034,0,0,0,41463.52972,41463.52972,41463.52972,52,36,54,11,13,0,,,,4146,Not,52,36,54,11,13,,0,0,100,0.00101122,562.2380488,2977.030244,859.5365854,0,0,0,562.2380488,0,0,0,2977.030244,0,0,0,859.5365854
Kale,Kale,MMR005027,100,0,0,56095,56195,56095,52,36,54,11,13,100,,,,5620,Not,52,36,54,11,13,,0,0,100,0.001370732,762.1268293,4035.434146,1165.121951,0,0,0,762.1268293,0,0,0,4035.434146,0,0,0,1165.121951
Kale,Kalewa,MMR005028,0,0,0,9062.02764,9062.02764,9062.02764,52,36,54,11,13,0,,,,906,Not,52,36,54,11,13,,0,0,100,0.000220976,122.862439,650.5521951,187.8292683,0,0,0,122.862439,0,0,0,650.5521951,0,0,0,187.8292683
Kale,Mingin,MMR005029,0,0,0,16758.93803,16758.93803,16758.93803,52,36,54,11,13,0,,,,1676,Not,52,36,54,11,13,,0,0,100,0.00040878,227.2819512,1203.449756,347.4634146,0,0,0,227.2819512,0,0,0,1203.449756,0,0,0,347.4634146
Kanbalu,Kanbalu,MMR005007,0,0,0,47462.11283,47462.11283,47462.11283,52,36,54,11,13,0,,,,4746,Not,52,36,54,11,13,,0,0,100,0.001157561,643.6039024,3407.859512,983.9268293,0,0,0,643.6039024,0,0,0,3407.859512,0,0,0,983.9268293
Kanbalu,Kyunhla,MMR005008,0,0,0,16714.61708,16714.61708,16714.61708,52,36,54,11,13,0,,,,1671,Not,52,36,54,11,13,,0,0,100,0.000407561,226.6039024,1199.859512,346.4268293,0,0,0,226.6039024,0,0,0,1199.859512,0,0,0,346.4268293
Katha,Banmauk,MMR005023,0,0,0,18092.58099,18092.58099,18092.58099,52,36,54,11,13,0,,,,1809,Not,52,36,54,11,13,,0,0,100,0.00044122,245.3180488,1298.950244,375.0365854,0,0,0,245.3180488,0,0,0,1298.950244,0,0,0,375.0365854
Katha,Indaw,MMR005021,0,0,0,19312.69167,19312.69167,19312.69167,52,36,54,11,13,0,,,,1931,Not,52,36,54,11,13,,0,0,100,0.000470976,261.862439,1386.552195,400.3292683,0,0,0,261.862439,0,0,0,1386.552195,0,0,0,400.3292683
Katha,Katha,MMR005020,0,0,0,26935.25206,26935.25206,26935.25206,52,36,54,11,13,0,,,,2694,Not,52,36,54,11,13,,0,0,100,0.000657073,365.3326829,1934.423415,558.5121951,0,0,0,365.3326829,0,0,0,1934.423415,0,0,0,558.5121951
Katha,Tigyaing,MMR005022,0,0,0,20868.58169,20868.58169,20868.58169,52,36,54,11,13,0,,,,2087,Not,52,36,54,11,13,,0,0,100,0.000509024,283.017561,1498.567805,432.6707317,0,0,0,283.017561,0,0,0,1498.567805,0,0,0,432.6707317
Kawlin,Kawlin,MMR005024,0,0,0,23332.24819,23332.24819,23332.24819,52,36,54,11,13,0,,,,2333,Not,52,36,54,11,13,,0,0,100,0.000569024,316.377561,1675.207805,483.6707317,0,0,0,316.377561,0,0,0,1675.207805,0,0,0,483.6707317
Kawlin,Pinlebu,MMR005026,0,0,0,17980.17279,17980.17279,17980.17279,52,36,54,11,13,0,,,,1798,Not,52,36,54,11,13,,0,0,100,0.000438537,243.8263415,1291.051707,372.7560976,0,0,0,243.8263415,0,0,0,1291.051707,0,0,0,372.7560976
Kawlin,Wuntho,MMR005025,0,0,0,11785.99941,11785.99941,11785.99941,52,36,54,11,13,0,,,,1179,Not,52,36,54,11,13,,0,0,100,0.000287561,159.8839024,846.5795122,244.4268293,0,0,0,159.8839024,0,0,0,846.5795122,0,0,0,244.4268293
Mawlaik,Mawlaik,MMR005031,0,0,0,8240.16314,8240.16314,8240.16314,52,36,54,11,13,0,,,,824,Not,52,36,54,11,13,,0,0,100,0.000200976,111.742439,591.6721951,170.8292683,0,0,0,111.742439,0,0,0,591.6721951,0,0,0,170.8292683
Mawlaik,Paungbyin,MMR005032,0,0,0,18096.75615,18096.75615,18096.75615,52,36,54,11,13,0,,,,1810,Not,52,36,54,11,13,,0,0,100,0.000441463,245.4536585,1299.668293,375.2439024,0,0,0,245.4536585,0,0,0,1299.668293,0,0,0,375.2439024
Monywa,Ayadaw,MMR005014,0,0,0,25013.87481,25013.87481,25013.87481,52,36,54,11,13,0,,,,2501,Not,52,36,54,11,13,,0,0,100,0.00061,339.16,1795.84,518.5,0,0,0,339.16,0,0,0,1795.84,0,0,0,518.5
Monywa,Budalin,MMR005013,0,0,0,19838.28028,19838.28028,19838.28028,52,36,54,11,13,0,,,,1984,Not,52,36,54,11,13,,0,0,100,0.000483902,269.0497561,1424.60878,411.3170732,0,0,0,269.0497561,0,0,0,1424.60878,0,0,0,411.3170732
Monywa,Chaung-U,MMR005015,0,0,0,17014.58638,17014.58638,17014.58638,52,36,54,11,13,0,,,,1701,Not,52,36,54,11,13,,0,0,100,0.000414878,230.6721951,1221.400976,352.6463415,0,0,0,230.6721951,0,0,0,1221.400976,0,0,0,352.6463415
Monywa,Monywa,MMR005012,0,0,0,59752.18271,59752.18271,59752.18271,52,36,54,11,13,0,,,,5975,Not,52,36,54,11,13,,0,0,100,0.001457317,810.2682927,4290.341463,1238.719512,0,0,0,810.2682927,0,0,0,4290.341463,0,0,0,1238.719512
Naga Self-Administered Zone,Lahe,MMR005036,0,0,0,8728.817629,8728.817629,8728.817629,52,36,54,11,13,0,,,,873,Not,52,36,54,11,13,,0,0,100,0.000212927,118.3873171,626.8565854,180.9878049,0,0,0,118.3873171,0,0,0,626.8565854,0,0,0,180.9878049
Naga Self-Administered Zone,Lay Shi,MMR005035,0,0,0,1684.6777,1684.6777,1684.6777,52,36,54,11,13,0,,,,168,Not,52,36,54,11,13,,0,0,100,4.09756E-05,22.78243902,120.6321951,34.82926829,0,0,0,22.78243902,0,0,0,120.6321951,0,0,0,34.82926829
Naga Self-Administered Zone,Nanyun,MMR005037,0,0,0,8347.11151,8347.11151,8347.11151,52,36,54,11,13,0,,,,835,Not,52,36,54,11,13,,0,0,100,0.000203659,113.2341463,599.5707317,173.1097561,0,0,0,113.2341463,0,0,0,599.5707317,0,0,0,173.1097561
Sagaing,Myaung,MMR005003,15000,0,0,14794.31229,29794.31229,14794.31229,52,36,54,11,13,15000,,,,2979,Yes,52,36,54,11,13,,0,0,100,0.000726585,403.9814634,2139.067317,617.597561,0,0,0,403.9814634,0,0,0,2139.067317,0,0,0,617.597561
Sagaing,Myinmu,MMR005002,0,0,0,17180.1476,17180.1476,17180.1476,52,36,54,11,13,0,,,,1718,Not,52,36,54,11,13,,0,0,100,0.000419024,232.977561,1233.607805,356.1707317,0,0,0,232.977561,0,0,0,1233.607805,0,0,0,356.1707317
Sagaing,Sagaing,MMR005001,0,0,0,49330.17648,49330.17648,49330.17648,52,36,54,11,13,0,,,,4933,Not,52,36,54,11,13,,0,0,100,0.001203171,668.9629268,3542.134634,1022.695122,0,0,0,668.9629268,0,0,0,3542.134634,0,0,0,1022.695122
Shwebo,Khin-U,MMR005005,0,0,0,23518.52463,23518.52463,23518.52463,52,36,54,11,13,0,,,,2352,Not,52,36,54,11,13,,0,0,100,0.000573659,318.9541463,1688.850732,487.6097561,0,0,0,318.9541463,0,0,0,1688.850732,0,0,0,487.6097561
Shwebo,Shwebo,MMR005004,0,0,0,42844.70528,42844.70528,42844.70528,52,36,54,11,13,0,,,,4284,Not,52,36,54,11,13,,0,0,100,0.001044878,580.9521951,3076.120976,888.1463415,0,0,0,580.9521951,0,0,0,3076.120976,0,0,0,888.1463415
Shwebo,Tabayin,MMR005010,0,0,0,22612.51457,22612.51457,22612.51457,52,36,54,11,13,0,,,,2261,Not,52,36,54,11,13,,0,0,100,0.000551463,306.6136585,1623.508293,468.7439024,0,0,0,306.6136585,0,0,0,1623.508293,0,0,0,468.7439024
Shwebo,Taze,MMR005011,0,0,0,26513.88191,26513.88191,26513.88191,52,36,54,11,13,0,,,,2651,Not,52,36,54,11,13,,0,0,100,0.000646585,359.5014634,1903.547317,549.597561,0,0,0,359.5014634,0,0,0,1903.547317,0,0,0,549.597561
Shwebo,Wetlet,MMR005006,0,0,0,31508.98099,31508.98099,31508.98099,52,36,54,11,13,0,,,,3151,Not,52,36,54,11,13,,0,0,100,0.000768537,427.3063415,2262.571707,653.2560976,0,0,0,427.3063415,0,0,0,2262.571707,0,0,0,653.2560976
Shwebo,Ye-U,MMR005009,0,0,0,18995.37939,18995.37939,18995.37939,52,36,54,11,13,0,,,,1900,Not,52,36,54,11,13,,0,0,100,0.000463415,257.6585366,1364.292683,393.902439,0,0,0,257.6585366,0,0,0,1364.292683,0,0,0,393.902439
Tamu,Tamu,MMR005030,0,0,0,18446.02447,18446.02447,18446.02447,52,36,54,11,13,0,,,,1845,Not,52,36,54,11,13,,0,0,100,0.00045,250.2,1324.8,382.5,0,0,0,250.2,0,0,0,1324.8,0,0,0,382.5
Yinmarbin,Kani,MMR005017,3500,0,0,21069.86596,24569.86596,21069.86596,52,36,54,11,13,3500,,,,2457,Yes,52,36,54,11,13,,0,0,100,0.000599268,333.1931707,1764.245854,509.3780488,0,0,0,333.1931707,0,0,0,1764.245854,0,0,0,509.3780488
Yinmarbin,Pale,MMR005019,0,0,0,23124.93536,23124.93536,23124.93536,52,36,54,11,13,0,,,,2312,Not,52,36,54,11,13,,0,0,100,0.000563902,313.5297561,1660.12878,479.3170732,0,0,0,313.5297561,0,0,0,1660.12878,0,0,0,479.3170732
Yinmarbin,Salingyi,MMR005018,0,0,0,19560.31087,19560.31087,19560.31087,52,36,54,11,13,0,,,,1956,Not,52,36,54,11,13,,0,0,100,0.000477073,265.2526829,1404.503415,405.5121951,0,0,0,265.2526829,0,0,0,1404.503415,0,0,0,405.5121951
Yinmarbin,Yinmarbin,MMR005016,0,0,0,22719.30236,22719.30236,22719.30236,52,36,54,11,13,0,,,,2272,Not,52,36,54,11,13,,0,0,100,0.000554146,308.1053659,1631.406829,471.0243902,0,0,0,308.1053659,0,0,0,1631.406829,0,0,0,471.0243902
Kengtung,Kengtung,MMR016001,0,0,0,70169.53015,70169.53015,70169.53015,52,36,54,11,13,0,,,,25000,Not,52,36,54,11,13,,0,0,100,0.006097561,3390.243902,17951.21951,5182.926829,0,0,0,3390.243902,0,0,0,17951.21951,0,0,0,5182.926829
Kengtung,Mongkhet,MMR016002,0,0,0,7000,7000,7000,52,36,54,11,13,0,,,,0,Not,52,36,54,11,13,,0,0,100,0,0,0,0,0,0,0,0,0,0,0,0,0,0,0,0
Kengtung,Mongla,MMR016005,0,0,0,7000,7000,7000,52,36,54,11,13,0,,,,0,Not,52,36,54,11,13,,0,0,100,0,0,0,0,0,0,0,0,0,0,0,0,0,0,0,0
Kengtung,Mongping,MMR016007,0,0,0,11000,11000,11000,52,36,54,11,13,0,,,,0,Not,52,36,54,11,13,,0,0,100,0,0,0,0,0,0,0,0,0,0,0,0,0,0,0,0
Kengtung,Mongyang,MMR016003,0,0,0,44012.34747,44012.34747,44012.34747,52,36,54,11,13,0,,,,10000,Not,52,36,54,11,13,,0,0,100,0.002439024,1356.097561,7180.487805,2073.170732,0,0,0,1356.097561,0,0,0,7180.487805,0,0,0,2073.170732
Monghsat,Monghsat,MMR016006,0,0,0,42787.38586,42787.38586,42787.38586,52,36,54,11,13,0,,,,10000,Not,52,36,54,11,13,,0,0,100,0.002439024,1356.097561,7180.487805,2073.170732,0,0,0,1356.097561,0,0,0,7180.487805,0,0,0,2073.170732
Monghsat,Mongton,MMR016008,0,0,0,11500,11500,11500,52,36,54,11,13,0,,,,0,Not,52,36,54,11,13,,0,0,100,0,0,0,0,0,0,0,0,0,0,0,0,0,0,0,0
Tachileik,Monghpyak,MMR016010,0,0,0,4500,4500,4500,52,36,54,11,13,0,,,,0,Not,52,36,54,11,13,,0,0,100,0,0,0,0,0,0,0,0,0,0,0,0,0,0,0,0
Tachileik,Mongyawng,MMR016011,0,0,0,13000,13000,13000,52,36,54,11,13,0,,,,0,Not,52,36,54,11,13,,0,0,100,0,0,0,0,0,0,0,0,0,0,0,0,0,0,0,0
Tachileik,Tachileik,MMR016009,0,0,0,72497.20254,72497.20254,72497.20254,52,36,54,11,13,0,,,,25000,Not,52,36,54,11,13,,0,0,100,0.006097561,3390.243902,17951.21951,5182.926829,0,0,0,3390.243902,0,0,0,17951.21951,0,0,0,5182.926829
Hopang,Hopang,MMR015021,0,0,0,11000,11000,11000,52,36,54,11,13,0,,,,0,Not,52,36,54,11,13,,0,0,100,0,0,0,0,0,0,0,0,0,0,0,0,0,0,0,0
Hopang,Mongmao,MMR015008,0,0,0,14000,14000,14000,52,36,54,11,13,0,,,,0,Not,52,36,54,11,13,,0,0,100,0,0,0,0,0,0,0,0,0,0,0,0,0,0,0,0
Hopang,Pangwaun,MMR015007,0,0,0,21000,21000,21000,52,36,54,11,13,0,,,,0,Not,52,36,54,11,13,,0,0,100,0,0,0,0,0,0,0,0,0,0,0,0,0,0,0,0
Kokang Self-Administered Zone,Konkyan,MMR015023,0,0,0,21000,21000,21000,52,36,54,11,13,0,,,,0,Not,52,36,54,11,13,,0,0,100,0,0,0,0,0,0,0,0,0,0,0,0,0,0,0,0
Kokang Self-Administered Zone,Laukkaing,MMR015022,1000,0,0,13000,14000,13000,52,36,54,11,13,1000,,,,0,Yes,52,36,54,11,13,,0,0,100,0,0,0,0,0,0,0,0,0,0,0,0,0,0,0,0
Kyaukme,Hsipaw,MMR015014,310,0,0,71910.88267,72220.88267,71910.88267,52,36,54,11,13,310,,,,18055,Not,52,36,54,11,13,,0,0,100,0.004403659,2448.434146,12964.37073,3743.109756,0,0,0,2448.434146,0,0,0,12964.37073,0,0,0,3743.109756
Kyaukme,Kyaukme,MMR015012,5252,0,0,68436.72948,73688.72948,68436.72948,52,36,54,11,13,5252,,,,18422,Not,52,36,54,11,13,,0,0,100,0.004493171,2498.202927,13227.89463,3819.195122,0,0,0,2498.202927,0,0,0,13227.89463,0,0,0,3819.195122
Kyaukme,Namtu,MMR015015,631,0,0,20384.02681,21015.02681,20384.02681,52,36,54,11,13,631,,,,5254,Not,52,36,54,11,13,,0.217489405,0,99.78251059,0.001281463,712.4936585,3772.628293,1089.243902,0,1.54959822,0,710.9440603,0,8.205066832,0,3764.423226,0,2.368990084,0,1086.874912
Kyaukme,Nawnghkio,MMR015013,0,133.2454345,0,61132.00767,61265.2531,61265.2531,52,36,54,11,13,0,,,,15316,Not,52,36,54,11,13,,0,0,100,0.00373561,2076.999024,10997.63512,3175.268293,0,0,0,2076.999024,0,0,0,10997.63512,0,0,0,3175.268293
Lashio,Hseni,MMR015002,267,0.596236304,0,23068.29563,23335.89187,23068.89187,52,36,54,11,13,267,,,,5834,Not,52,36,54,11,13,,0.410202777,0,99.58979722,0.001422927,791.1473171,4189.096585,1209.487805,0,3.245308265,0,787.9020088,0,17.18379053,0,4171.912795,0,4.961352564,0,1204.526452
Lashio,Kunlong,MMR015020,0,98.57448476,0,23932.09773,24030.67221,24030.67221,52,36,54,11,13,0,,,,6008,Not,52,36,54,11,13,,0,0,100,0.001465366,814.7434146,4314.037073,1245.560976,0,0,0,814.7434146,0,0,0,4314.037073,0,0,0,1245.560976
Lashio,Lashio,MMR015001,0,0,0,132229.2093,132229.2093,132229.2093,52,36,54,11,13,0,,,,40000,Not,52,36,54,11,13,,0.00258459,0,99.99741541,0.009756098,5424.390244,28721.95122,8292.682927,0,0.140198255,0,5424.250046,0,0.742344718,0,28721.20887,0,0.214331865,0,8292.468595
Lashio,Mongyai,MMR015003,0,0,0,24276.80936,24276.80936,24276.80936,52,36,54,11,13,0,,,,6069,Not,52,36,54,11,13,,0,0,100,0.001480244,823.0156098,4357.838049,1258.207317,0,0,0,823.0156098,0,0,0,4357.838049,0,0,0,1258.207317
Lashio,Tangyan,MMR015004,0,0,0,70654.036,70654.036,70654.036,52,36,54,11,13,0,,,,17664,Not,52,36,54,11,13,,0,0,100,0.004308293,2395.410732,12683.61366,3662.04878,0,0,0,2395.410732,0,0,0,12683.61366,0,0,0,3662.04878
Matman,Matman,MMR015024,0,0,0,8067.737845,8067.737845,8067.737845,52,36,54,11,13,0,,,,2017,Not,52,36,54,11,13,,0,0,100,0.000491951,273.524878,1448.30439,418.1585366,0,0,0,273.524878,0,0,0,1448.30439,0,0,0,418.1585366
Matman,Narphan,MMR015006,0,0,0,47502.01616,47502.01616,47502.01616,52,36,54,11,13,0,,,,11876,Not,52,36,54,11,13,,0,0,100,0.002896585,1610.501463,8527.547317,2462.097561,0,0,0,1610.501463,0,0,0,8527.547317,0,0,0,2462.097561
Matman,Pangsang (Panghkam),MMR015005,0,0,0,43328.31517,43328.31517,43328.31517,52,36,54,11,13,0,,,,10832,Not,52,36,54,11,13,,0,0,100,0.002641951,1468.924878,7777.90439,2245.658537,0,0,0,1468.924878,0,0,0,7777.90439,0,0,0,2245.658537
Mongmit,Mabein,MMR015018,0,0,0,19379.41609,19379.41609,19379.41609,52,36,54,11,13,0,,,,4845,Not,52,36,54,11,13,,0,0,100,0.001181707,657.0292683,3478.946341,1004.45122,0,0,0,657.0292683,0,0,0,3478.946341,0,0,0,1004.45122
Mongmit,Mongmit,MMR015017,0,0,0,25893.46431,25893.46431,25893.46431,52,36,54,11,13,0,,,,6473,Not,52,36,54,11,13,,0,0,100,0.00157878,877.8019512,4647.929756,1341.963415,0,0,0,877.8019512,0,0,0,4647.929756,0,0,0,1341.963415
Muse,Kutkai,MMR015011,4678,143.709379,0,69543.99755,74365.70693,69687.70693,52,36,54,11,13,4678,,,,18591,Not,52,36,54,11,13,,0.908365568,0,99.09163443,0.00453439,2521.120976,13349.24488,3854.231707,0,22.90099486,0,2498.219981,0,121.259944,0,13227.98493,0,35.01051373,0,3819.221194
Muse,Muse,MMR015009,1713,1814.202056,0,67802.21971,71329.42177,69616.42177,52,36,54,11,13,1713,,,,17832,Not,52,36,54,11,13,,0.206219124,0,99.79378088,0.004349268,2418.193171,12804.24585,3696.878049,0,4.98677678,0,2413.206394,0,26.40480367,0,12777.84105,0,7.623669538,0,3689.254379
Muse,Namhkan,MMR015010,1294,278.9227312,0,30427.07727,32000,30706,52,36,54,11,13,1294,,,,0,Yes,52,36,54,11,13,,2.605997277,0,97.39400272,0,0,0,0,0,0,0,0,0,0,0,0,0,0,0,0
Pa Laung Self-Administered Zone,Manton,MMR015019,304,0,0,11696,12000,11696,52,36,54,11,13,304,,,,0,Yes,52,36,54,11,13,,1.287763255,0,98.71223674,0,0,0,0,0,0,0,0,0,0,0,0,0,0,0,0
Pa Laung Self-Administered Zone,Namhsan,MMR015016,0,231.797386,0,17768.20261,18000,18000,52,36,54,11,13,0,,,,0,Not,52,36,54,11,13,,0,0,100,0,0,0,0,0,0,0,0,0,0,0,0,0,0,0,0
Danu Self-Administered Zone,Pindaya,MMR014006,0,0,0,32424.27601,32424.27601,32424.27601,52,36,54,11,13,0,,,,150,Not,52,36,54,11,13,,0,0,100,3.65854E-05,20.34146341,107.7073171,31.09756098,0,0,0,20.34146341,0,0,0,107.7073171,0,0,0,31.09756098
Danu Self-Administered Zone,Ywangan,MMR014007,0,0,0,33744.50334,33744.50334,33744.50334,52,36,54,11,13,0,,,,150,Not,52,36,54,11,13,,0,0,100,3.65854E-05,20.34146341,107.7073171,31.09756098,0,0,0,20.34146341,0,0,0,107.7073171,0,0,0,31.09756098
Langkho,Langkho,MMR014018,0,0,0,12500,12500,12500,52,36,54,11,13,0,,,,0,Not,52,36,54,11,13,,0,0,100,0,0,0,0,0,0,0,0,0,0,0,0,0,0,0,0
Langkho,Mawkmai,MMR014020,0,0,0,6000,6000,6000,52,36,54,11,13,0,,,,0,Not,52,36,54,11,13,,0,0,100,0,0,0,0,0,0,0,0,0,0,0,0,0,0,0,0
Langkho,Mongnai,MMR014019,0,0,0,16124.02745,16124.02745,16124.02745,52,36,54,11,13,0,,,,50,Not,52,36,54,11,13,,0,0,100,1.21951E-05,6.780487805,35.90243902,10.36585366,0,0,0,6.780487805,0,0,0,35.90243902,0,0,0,10.36585366
Langkho,Mongpan,MMR014021,0,0,0,10600.25194,10600.25194,10600.25194,52,36,54,11,13,0,,,,50,Not,52,36,54,11,13,,0,0,100,1.21951E-05,6.780487805,35.90243902,10.36585366,0,0,0,6.780487805,0,0,0,35.90243902,0,0,0,10.36585366
Loilen,Kunhing,MMR014014,0,0,0,21834.65458,21834.65458,21834.65458,52,36,54,11,13,0,,,,50,Not,52,36,54,11,13,,0,0,100,1.21951E-05,6.780487805,35.90243902,10.36585366,0,0,0,6.780487805,0,0,0,35.90243902,0,0,0,10.36585366
Loilen,Kyethi,MMR014015,1281,0,0,29933.48036,31214.48036,29933.48036,52,36,54,11,13,1281,,,,5000,Not,52,36,54,11,13,,0,0,100,0.001219512,678.0487805,3590.243902,1036.585366,0,0,0,678.0487805,0,0,0,3590.243902,0,0,0,1036.585366
Loilen,Laihka,MMR014012,0,0,0,19965.32063,19965.32063,19965.32063,52,36,54,11,13,0,,,,50,Not,52,36,54,11,13,,0,0,100,1.21951E-05,6.780487805,35.90243902,10.36585366,0,0,0,6.780487805,0,0,0,35.90243902,0,0,0,10.36585366
Loilen,Loilen,MMR014011,0,0,0,50927.08406,50927.08406,50927.08406,52,36,54,11,13,0,,,,50,Not,52,36,54,11,13,,0,0,100,1.21951E-05,6.780487805,35.90243902,10.36585366,0,0,0,6.780487805,0,0,0,35.90243902,0,0,0,10.36585366
Loilen,Monghsu,MMR014017,0,0,0,29745.79686,29745.79686,29745.79686,52,36,54,11,13,0,,,,50,Not,52,36,54,11,13,,0,0,100,1.21951E-05,6.780487805,35.90243902,10.36585366,0,0,0,6.780487805,0,0,0,35.90243902,0,0,0,10.36585366
Loilen,Mongkaing,MMR014016,3035,0,0,29259.38776,32294.38776,29259.38776,52,36,54,11,13,3035,,,,50,Yes,52,36,54,11,13,,0,0,100,1.21951E-05,6.780487805,35.90243902,10.36585366,0,0,0,6.780487805,0,0,0,35.90243902,0,0,0,10.36585366
Loilen,Nansang,MMR014013,0,0,0,47821.34026,47821.34026,47821.34026,52,36,54,11,13,0,,,,1000,Not,52,36,54,11,13,,0,0,100,0.000243902,135.6097561,718.0487805,207.3170732,0,0,0,135.6097561,0,0,0,718.0487805,0,0,0,207.3170732
Pa-O Self-Administered Zone,Hopong,MMR014003,0,0,0,45935.24282,45935.24282,45935.24282,52,36,54,11,13,0,,,,50,Not,52,36,54,11,13,,0,0,100,1.21951E-05,6.780487805,35.90243902,10.36585366,0,0,0,6.780487805,0,0,0,35.90243902,0,0,0,10.36585366
Pa-O Self-Administered Zone,Hsihseng,MMR014004,800,0,0,62275.13466,63075.13466,62275.13466,52,36,54,11,13,800,,,,50,Yes,52,36,54,11,13,,0,0,100,1.21951E-05,6.780487805,35.90243902,10.36585366,0,0,0,6.780487805,0,0,0,35.90243902,0,0,0,10.36585366
Pa-O Self-Administered Zone,Pinlaung,MMR014009,60,0,0,78585.21145,78645.21145,78585.21145,52,36,54,11,13,60,,,,50,Yes,52,36,54,11,13,,0,0,100,1.21951E-05,6.780487805,35.90243902,10.36585366,0,0,0,6.780487805,0,0,0,35.90243902,0,0,0,10.36585366
Taunggyi,Kalaw,MMR014005,0,0,0,76082.95466,76082.95466,76082.95466,52,36,54,11,13,0,,,,100,Not,52,36,54,11,13,,0,0,100,2.43902E-05,13.56097561,71.80487805,20.73170732,0,0,0,13.56097561,0,0,0,71.80487805,0,0,0,20.73170732
Taunggyi,Lawksawk,MMR014008,0,0,0,67352.44553,67352.44553,67352.44553,52,36,54,11,13,0,,,,20,Not,52,36,54,11,13,,0,0,100,4.87805E-06,2.712195122,14.36097561,4.146341463,0,0,0,2.712195122,0,0,0,14.36097561,0,0,0,4.146341463
Taunggyi,Nyaungshwe,MMR014002,0,0,0,77442.02423,77442.02423,77442.02423,52,36,54,11,13,0,,,,20,Not,52,36,54,11,13,,0,0,100,4.87805E-06,2.712195122,14.36097561,4.146341463,0,0,0,2.712195122,0,0,0,14.36097561,0,0,0,4.146341463
Taunggyi,Pekon,MMR014010,9970,0,0,38685.43709,48655.43709,38685.43709,52,36,54,11,13,9970,,,,150,Yes,52,36,54,11,13,,0,0,100,3.65854E-05,20.34146341,107.7073171,31.09756098,0,0,0,20.34146341,0,0,0,107.7073171,0,0,0,31.09756098
Taunggyi,Taunggyi,MMR014001,36,0,0,179092.8218,179128.8218,179092.8218,52,36,54,11,13,36,,,,200,Not,52,36,54,11,13,,0,0,100,4.87805E-05,27.12195122,143.6097561,41.46341463,0,0,0,27.12195122,0,0,0,143.6097561,0,0,0,41.46341463
Dawei,Dawei,MMR006001,0,0,0,37777.33389,37777.33389,37777.33389,52,36,54,11,13,0,,,,5667,Not,52,36,54,11,13,,0,0,100,0.001382195,768.5004878,4069.182439,1174.865854,0,0,0,768.5004878,0,0,0,4069.182439,0,0,0,1174.865854
Dawei,Launglon,MMR006002,0,0,0,30413.57621,30413.57621,30413.57621,52,36,54,11,13,0,,,,4562,Not,52,36,54,11,13,,0,0,100,0.001112683,618.6517073,3275.738537,945.7804878,0,0,0,618.6517073,0,0,0,3275.738537,0,0,0,945.7804878
Dawei,Thayetchaung,MMR006003,0,0,0,27160.58799,27160.58799,27160.58799,52,36,54,11,13,0,,,,4074,Not,52,36,54,11,13,,0,0,100,0.000993659,552.4741463,2925.330732,844.6097561,0,0,0,552.4741463,0,0,0,2925.330732,0,0,0,844.6097561
Dawei,Yebyu,MMR006004,200,0,0,31474.61099,31674.61099,31474.61099,52,36,54,11,13,200,,,,4751,Not,52,36,54,11,13,,0,0,100,0.00115878,644.2819512,3411.449756,984.9634146,0,0,0,644.2819512,0,0,0,3411.449756,0,0,0,984.9634146
Kawthoung,Bokpyin,MMR006010,0,0,0,21005.74407,21005.74407,21005.74407,52,36,54,11,13,0,,,,3151,Not,52,36,54,11,13,,0,0,100,0.000768537,427.3063415,2262.571707,653.2560976,0,0,0,427.3063415,0,0,0,2262.571707,0,0,0,653.2560976
Kawthoung,Kawthoung,MMR006009,0,0,0,35992.36746,35992.36746,35992.36746,52,36,54,11,13,0,,,,5399,Not,52,36,54,11,13,,0,0,100,0.001316829,732.1570732,3876.745366,1119.304878,0,0,0,732.1570732,0,0,0,3876.745366,0,0,0,1119.304878
Myeik,Kyunsu,MMR006006,0,0,0,44149.38643,44149.38643,44149.38643,52,36,54,11,13,0,,,,6622,Not,52,36,54,11,13,,0,0,100,0.001615122,898.0078049,4754.919024,1372.853659,0,0,0,898.0078049,0,0,0,4754.919024,0,0,0,1372.853659
Myeik,Myeik,MMR006005,0,0,0,73128.35757,73128.35757,73128.35757,52,36,54,11,13,0,,,,10969,Not,52,36,54,11,13,,0,0,100,0.002675366,1487.503415,7876.277073,2274.060976,0,0,0,1487.503415,0,0,0,7876.277073,0,0,0,2274.060976
Myeik,Palaw,MMR006007,725,0,0,33239.20384,33964.20384,33239.20384,52,36,54,11,13,725,,,,5095,Not,52,36,54,11,13,,0,0,100,0.001242683,690.9317073,3658.458537,1056.280488,0,0,0,690.9317073,0,0,0,3658.458537,0,0,0,1056.280488
Myeik,Tanintharyi,MMR006008,0,0,0,27466.73647,27466.73647,27466.73647,52,36,54,11,13,0,,,,4120,Not,52,36,54,11,13,,0,0,100,0.001004878,558.7121951,2958.360976,854.1463415,0,0,0,558.7121951,0,0,0,2958.360976,0,0,0,854.1463415
Yangon (East),Botahtaung,MMR013017,0,0,0,13358.19217,13358.19217,13358.19217,52,36,54,11,13,0,,,,13358,Not,52,36,54,11,13,,0,0,100,0.003258049,1811.475122,9591.69561,2769.341463,0,0,0,1811.475122,0,0,0,9591.69561,0,0,0,2769.341463
Yangon (East),Dagon Myothit (East),MMR013020,0,0,0,53969.76835,53969.76835,53969.76835,52,36,54,11,13,0,,,,53970,Not,52,36,54,11,13,,0,0,100,0.013163415,7318.858537,38753.09268,11188.90244,0,0,0,7318.858537,0,0,0,38753.09268,0,0,0,11188.90244
Yangon (East),Dagon Myothit (North),MMR013019,0,0,0,66456.31364,66456.31364,66456.31364,52,36,54,11,13,0,,,,66456,Not,52,36,54,11,13,,0,0,100,0.01620878,9012.081951,47718.64976,13777.46341,0,0,0,9012.081951,0,0,0,47718.64976,0,0,0,13777.46341
Yangon (East),Dagon Myothit (Seikkan),MMR013021,0,0,0,54562.81408,54562.81408,54562.81408,52,36,54,11,13,0,,,,54563,Not,52,36,54,11,13,,0,0,100,0.013308049,7399.275122,39178.89561,11311.84146,0,0,0,7399.275122,0,0,0,39178.89561,0,0,0,11311.84146
Yangon (East),Dagon Myothit (South),MMR013018,0,0,0,121100.59,121100.59,121100.59,52,36,54,11,13,0,,,,121101,Not,52,36,54,11,13,,0,0,100,0.029536829,16422.47707,86956.42537,25106.30488,0,0,0,16422.47707,0,0,0,86956.42537,0,0,0,25106.30488
Yangon (East),Dawbon,MMR013014,0,0,0,24544.59874,24544.59874,24544.59874,52,36,54,11,13,0,,,,24545,Not,52,36,54,11,13,,0,0,100,0.005986585,3328.541463,17624.50732,5088.597561,0,0,0,3328.541463,0,0,0,17624.50732,0,0,0,5088.597561
Yangon (East),Mingalartaungnyunt,MMR013022,0,0,0,43173.07754,43173.07754,43173.07754,52,36,54,11,13,0,,,,43173,Not,52,36,54,11,13,,0,0,100,0.01053,5854.68,31000.32,8950.5,0,0,0,5854.68,0,0,0,31000.32,0,0,0,8950.5
Yangon (East),North Okkalapa,MMR013012,0,0,0,108603.2917,108603.2917,108603.2917,52,36,54,11,13,0,,,,108603,Not,52,36,54,11,13,,0,0,100,0.026488537,14727.62634,77982.25171,22515.2561,0,0,0,14727.62634,0,0,0,77982.25171,0,0,0,22515.2561
Yangon (East),Pazundaung,MMR013016,0,0,0,15789.02797,15789.02797,15789.02797,52,36,54,11,13,0,,,,15789,Not,52,36,54,11,13,,0,0,100,0.003850976,2141.142439,11337.2722,3273.329268,0,0,0,2141.142439,0,0,0,11337.2722,0,0,0,3273.329268
Yangon (East),South Okkalapa,MMR013011,0,0,0,52502.79479,52502.79479,52502.79479,52,36,54,11,13,0,,,,52503,Not,52,36,54,11,13,,0,0,100,0.01280561,7119.919024,37699.71512,10884.76829,0,0,0,7119.919024,0,0,0,37699.71512,0,0,0,10884.76829
Yangon (East),Tamwe,MMR013015,0,0,0,53867.12582,53867.12582,53867.12582,52,36,54,11,13,0,,,,53867,Not,52,36,54,11,13,,0,0,100,0.013138293,7304.890732,38679.13366,11167.54878,0,0,0,7304.890732,0,0,0,38679.13366,0,0,0,11167.54878
Yangon (East),Thaketa,MMR013013,0,0,0,71868.01886,71868.01886,71868.01886,52,36,54,11,13,0,,,,71868,Not,52,36,54,11,13,,0,0,100,0.01752878,9746.001951,51604.72976,14899.46341,0,0,0,9746.001951,0,0,0,51604.72976,0,0,0,14899.46341
Yangon (East),Thingangyun,MMR013009,0,0,0,68260.86708,68260.86708,68260.86708,52,36,54,11,13,0,,,,68261,Not,52,36,54,11,13,,0,0,100,0.016649024,9256.857561,49014.7278,14151.67073,0,0,0,9256.857561,0,0,0,49014.7278,0,0,0,14151.67073
Yangon (East),Yankin,MMR013010,0,0,0,23117.70465,23117.70465,23117.70465,52,36,54,11,13,0,,,,23118,Not,52,36,54,11,13,,0,0,100,0.005638537,3135.026341,16599.85171,4792.756098,0,0,0,3135.026341,0,0,0,16599.85171,0,0,0,4792.756098
Yangon (North),Hlaingtharya,MMR013008,0,0,0,227976,227976,227976,52,36,54,11,13,0,,,,227976,Not,52,36,54,11,13,,0,0,100,0.055603902,30915.76976,163697.8888,47263.31707,0,0,0,30915.76976,0,0,0,163697.8888,0,0,0,47263.31707
Yangon (North),Hlegu,MMR013004,0,0,0,88220.76613,88220.76613,88220.76613,52,36,54,11,13,0,,,,88221,Not,52,36,54,11,13,,0,0,100,0.021517317,11963.62829,63346.98146,18289.71951,0,0,0,11963.62829,0,0,0,63346.98146,0,0,0,18289.71951
Yangon (North),Hmawbi,MMR013003,0,0,0,79705.02045,79705.02045,79705.02045,52,36,54,11,13,0,,,,79705,Not,52,36,54,11,13,,0,0,100,0.019440244,10808.77561,57232.07805,16524.20732,0,0,0,10808.77561,0,0,0,57232.07805,0,0,0,16524.20732
Yangon (North),Htantabin,MMR013006,0,0,0,47506.22157,47506.22157,47506.22157,52,36,54,11,13,0,,,,47506,Not,52,36,54,11,13,,0,0,100,0.011586829,6442.277073,34111.62537,9848.804878,0,0,0,6442.277073,0,0,0,34111.62537,0,0,0,9848.804878
Yangon (North),Insein,MMR013001,0,0,0,99476.25275,99476.25275,99476.25275,52,36,54,11,13,0,,,,99476,Not,52,36,54,11,13,,0,0,100,0.024262439,13489.9161,71428.62049,20623.07317,0,0,0,13489.9161,0,0,0,71428.62049,0,0,0,20623.07317
Yangon (North),Mingaladon,MMR013002,0,0,0,108047.067,108047.067,108047.067,52,36,54,11,13,0,,,,108047,Not,52,36,54,11,13,,0,0,100,0.026352927,14652.22732,77583.01659,22399.9878,0,0,0,14652.22732,0,0,0,77583.01659,0,0,0,22399.9878
Yangon (North),Shwepyithar,MMR013007,0,0,0,111937.7076,111937.7076,111937.7076,52,36,54,11,13,0,,,,111938,Not,52,36,54,11,13,,0,0,100,0.027301951,15179.88488,80376.94439,23206.65854,0,0,0,15179.88488,0,0,0,80376.94439,0,0,0,23206.65854
Yangon (North),Taikkyi,MMR013005,0,0,0,90347.58453,90347.58453,90347.58453,52,36,54,11,13,0,,,,90348,Not,52,36,54,11,13,,0,0,100,0.022036098,12252.07024,64874.27122,18730.68293,0,0,0,12252.07024,0,0,0,64874.27122,0,0,0,18730.68293
Yangon (South),Cocokyun,MMR013032,0,0,0,632.1476477,632.1476477,632.1476477,52,36,54,11,13,0,,,,632,Not,52,36,54,11,13,,0,0,100,0.000154146,85.70536585,453.8068293,131.0243902,0,0,0,85.70536585,0,0,0,453.8068293,0,0,0,131.0243902
Yangon (South),Dala,MMR013030,0,0,0,56325.33296,56325.33296,56325.33296,52,36,54,11,13,0,,,,56325,Not,52,36,54,11,13,,0,0,100,0.013737805,7638.219512,40444.09756,11677.13415,0,0,0,7638.219512,0,0,0,40444.09756,0,0,0,11677.13415
Yangon (South),Kawhmu,MMR013028,0,0,0,38792.35952,38792.35952,38792.35952,52,36,54,11,13,0,,,,38792,Not,52,36,54,11,13,,0,0,100,0.009461463,5260.573659,27854.54829,8042.243902,0,0,0,5260.573659,0,0,0,27854.54829,0,0,0,8042.243902
Yangon (South),Kayan,MMR013026,0,0,0,51490.381,51490.381,51490.381,52,36,54,11,13,0,,,,51490,Not,52,36,54,11,13,,0,0,100,0.012558537,6982.546341,36972.33171,10674.7561,0,0,0,6982.546341,0,0,0,36972.33171,0,0,0,10674.7561
Yangon (South),Kungyangon,MMR013029,0,0,0,36375.20939,36375.20939,36375.20939,52,36,54,11,13,0,,,,36375,Not,52,36,54,11,13,,0,0,100,0.008871951,4932.804878,26119.02439,7541.158537,0,0,0,4932.804878,0,0,0,26119.02439,0,0,0,7541.158537
Yangon (South),Kyauktan,MMR013024,0,0,0,54562.81408,54562.81408,54562.81408,52,36,54,11,13,0,,,,54563,Not,52,36,54,11,13,,0,0,100,0.013308049,7399.275122,39178.89561,11311.84146,0,0,0,7399.275122,0,0,0,39178.89561,0,0,0,11311.84146
Yangon (South),Seikgyikanaungto,MMR013031,0,0,0,11079.85385,11079.85385,11079.85385,52,36,54,11,13,0,,,,11080,Not,52,36,54,11,13,,0,0,100,0.002702439,1502.556098,7955.980488,2297.073171,0,0,0,1502.556098,0,0,0,7955.980488,0,0,0,2297.073171
Yangon (South),Thanlyin,MMR013023,0,0,0,87348.14169,87348.14169,87348.14169,52,36,54,11,13,0,,,,87348,Not,52,36,54,11,13,,0,0,100,0.02130439,11845.24098,62720.12488,18108.73171,0,0,0,11845.24098,0,0,0,62720.12488,0,0,0,18108.73171
Yangon (South),Thongwa,MMR013025,0,0,0,51443.78455,51443.78455,51443.78455,52,36,54,11,13,0,,,,51444,Not,52,36,54,11,13,,0,0,100,0.012547317,6976.308293,36939.30146,10665.21951,0,0,0,6976.308293,0,0,0,36939.30146,0,0,0,10665.21951
Yangon (South),Twantay,MMR013027,0,0,0,73914.35248,73914.35248,73914.35248,52,36,54,11,13,0,,,,73914,Not,52,36,54,11,13,,0,0,100,0.018027805,10023.45951,53073.85756,15323.63415,0,0,0,10023.45951,0,0,0,53073.85756,0,0,0,15323.63415
Yangon (West),Ahlone,MMR013037,0,0,0,18078.77103,18078.77103,18078.77103,52,36,54,11,13,0,,,,18079,Not,52,36,54,11,13,,0,0,100,0.004409512,2451.68878,12981.6039,3748.085366,0,0,0,2451.68878,0,0,0,12981.6039,0,0,0,3748.085366
Yangon (West),Bahan,MMR013044,0,0,0,31520.05477,31520.05477,31520.05477,52,36,54,11,13,0,,,,31520,Not,52,36,54,11,13,,0,0,100,0.007687805,4274.419512,22632.89756,6534.634146,0,0,0,4274.419512,0,0,0,22632.89756,0,0,0,6534.634146
Yangon (West),Dagon,MMR013043,0,0,0,8172.952216,8172.952216,8172.952216,52,36,54,11,13,0,,,,8173,Not,52,36,54,11,13,,0,0,100,0.001993415,1108.338537,5868.612683,1694.402439,0,0,0,1108.338537,0,0,0,5868.612683,0,0,0,1694.402439
Yangon (West),Hlaing,MMR013040,0,0,0,52235.92421,52235.92421,52235.92421,52,36,54,11,13,0,,,,52236,Not,52,36,54,11,13,,0,0,100,0.012740488,7083.71122,37507.9961,10829.41463,0,0,0,7083.71122,0,0,0,37507.9961,0,0,0,10829.41463
Yangon (West),Kamaryut,MMR013041,0,0,0,27556.7497,27556.7497,27556.7497,52,36,54,11,13,0,,,,27557,Not,52,36,54,11,13,,0,0,100,0.00672122,3736.998049,19787.27024,5713.036585,0,0,0,3736.998049,0,0,0,19787.27024,0,0,0,5713.036585
Yangon (West),Kyauktada,MMR013033,0,0,0,9727.579241,9727.579241,9727.579241,52,36,54,11,13,0,,,,9728,Not,52,36,54,11,13,,0,0,100,0.002372683,1319.211707,6985.178537,2016.780488,0,0,0,1319.211707,0,0,0,6985.178537,0,0,0,2016.780488
Yangon (West),Kyeemyindaing,MMR013038,0,0,0,36336.75917,36336.75917,36336.75917,52,36,54,11,13,0,,,,36337,Not,52,36,54,11,13,,0,0,100,0.008862683,4927.651707,26091.73854,7533.280488,0,0,0,4927.651707,0,0,0,26091.73854,0,0,0,7533.280488
Yangon (West),Lanmadaw,MMR013035,0,0,0,15367.05313,15367.05313,15367.05313,52,36,54,11,13,0,,,,15367,Not,52,36,54,11,13,,0,0,100,0.003748049,2083.915122,11034.25561,3185.841463,0,0,0,2083.915122,0,0,0,11034.25561,0,0,0,3185.841463
Yangon (West),Latha,MMR013036,0,0,0,8164.805984,8164.805984,8164.805984,52,36,54,11,13,0,,,,8165,Not,52,36,54,11,13,,0,0,100,0.001991463,1107.253659,5862.868293,1692.743902,0,0,0,1107.253659,0,0,0,5862.868293,0,0,0,1692.743902
Yangon (West),Mayangone,MMR013042,0,0,0,64554.98295,64554.98295,64554.98295,52,36,54,11,13,0,,,,64555,Not,52,36,54,11,13,,0,0,100,0.015745122,8754.287805,46353.63902,13383.35366,0,0,0,8754.287805,0,0,0,46353.63902,0,0,0,13383.35366
Yangon (West),Pabedan,MMR013034,0,0,0,10862.51236,10862.51236,10862.51236,52,36,54,11,13,0,,,,10863,Not,52,36,54,11,13,,0,0,100,0.002649512,1473.12878,7800.163902,2252.085366,0,0,0,1473.12878,0,0,0,7800.163902,0,0,0,2252.085366
Yangon (West),Sanchaung,MMR013039,0,0,0,32460.78171,32460.78171,32460.78171,52,36,54,11,13,0,,,,32461,Not,52,36,54,11,13,,0,0,100,0.007917317,4402.028293,23308.58146,6729.719512,0,0,0,4402.028293,0,0,0,23308.58146,0,0,0,6729.719512
Yangon (West),Seikkan,MMR013045,0,0,0,920.8501301,920.8501301,920.8501301,52,36,54,11,13,0,,,,921,Not,52,36,54,11,13,,0,0,100,0.000224634,124.8965854,661.3229268,190.9390244,0,0,0,124.8965854,0,0,0,661.3229268,0,0,0,190.9390244
